/*
 Navicat Premium Data Transfer

 Source Server         : 127.0.0.1
 Source Server Type    : MySQL
 Source Server Version : 80029 (8.0.29)
 Source Host           : localhost:3306
 Source Schema         : poetry

 Target Server Type    : MySQL
 Target Server Version : 80029 (8.0.29)
 File Encoding         : 65001

 Date: 10/05/2024 15:51:47
*/
USE poetry;
SET NAMES utf8mb4;
SET FOREIGN_KEY_CHECKS = 0;

-- ----------------------------
-- Table structure for contest_results
-- ----------------------------
DROP TABLE IF EXISTS `contest_results`;
CREATE TABLE `contest_results` (
  `id` int NOT NULL AUTO_INCREMENT,
  `user1_id` int NOT NULL,
  `user2_id` int NOT NULL,
  `score1` int NOT NULL,
  `score2` int NOT NULL,
  `contest_date` datetime NOT NULL,
  PRIMARY KEY (`id`),
  KEY `user1_id` (`user1_id`),
  KEY `user2_id` (`user2_id`),
  CONSTRAINT `contest_results_ibfk_1` FOREIGN KEY (`user1_id`) REFERENCES `users` (`user_id`) ON DELETE RESTRICT ON UPDATE RESTRICT,
  CONSTRAINT `contest_results_ibfk_2` FOREIGN KEY (`user2_id`) REFERENCES `users` (`user_id`) ON DELETE RESTRICT ON UPDATE RESTRICT
) ENGINE=InnoDB AUTO_INCREMENT=9 DEFAULT CHARSET=utf8mb4 COLLATE=utf8mb4_general_ci ROW_FORMAT=DYNAMIC;

-- ----------------------------
-- Table structure for options
-- ----------------------------
DROP TABLE IF EXISTS `options`;
CREATE TABLE `options`  (
  `option_id` int NOT NULL AUTO_INCREMENT,
  `question_id` int NULL DEFAULT NULL,
  `content` varchar(500) CHARACTER SET utf8mb4 COLLATE utf8mb4_general_ci NULL DEFAULT NULL,
  PRIMARY KEY (`option_id`) USING BTREE,
  INDEX `question_id`(`question_id` ASC) USING BTREE,
  CONSTRAINT `options_ibfk_1` FOREIGN KEY (`question_id`) REFERENCES `questions` (`question_id`) ON DELETE RESTRICT ON UPDATE RESTRICT
) ENGINE = InnoDB AUTO_INCREMENT = 813 CHARACTER SET = utf8mb4 COLLATE = utf8mb4_general_ci ROW_FORMAT = Dynamic;

-- ----------------------------
-- Records of options
-- ----------------------------
INSERT INTO `options` VALUES (1, 1, '为——违');
INSERT INTO `options` VALUES (2, 1, '岐——其');
INSERT INTO `options` VALUES (3, 1, '襟——巾');
INSERT INTO `options` VALUES (4, 2, '早开的桃花');
INSERT INTO `options` VALUES (5, 2, '新的桃符');
INSERT INTO `options` VALUES (6, 2, '新年的寿桃馒头');
INSERT INTO `options` VALUES (7, 3, '商朝');
INSERT INTO `options` VALUES (8, 3, '陈朝');
INSERT INTO `options` VALUES (9, 3, '唐朝');
INSERT INTO `options` VALUES (10, 4, '休说鲈鱼滋味, 尽西风, 季鹰归未?');
INSERT INTO `options` VALUES (11, 4, '休说鲤鱼滋味, 尽西风, 季鹰归未?');
INSERT INTO `options` VALUES (12, 4, '休说鲈鱼堪脍, 尽西风, 季鹰归未?');
INSERT INTO `options` VALUES (13, 5, '龙眼');
INSERT INTO `options` VALUES (14, 5, '荔枝');
INSERT INTO `options` VALUES (15, 5, '葡萄');
INSERT INTO `options` VALUES (16, 6, '牡丹');
INSERT INTO `options` VALUES (17, 6, '芍药');
INSERT INTO `options` VALUES (18, 6, '海棠');
INSERT INTO `options` VALUES (19, 7, '搔——稍');
INSERT INTO `options` VALUES (20, 7, '混——浑');
INSERT INTO `options` VALUES (21, 7, '胜——剩');
INSERT INTO `options` VALUES (22, 8, '向东去');
INSERT INTO `options` VALUES (23, 8, '向西去');
INSERT INTO `options` VALUES (24, 8, '辞别西方向黄鹤楼去');
INSERT INTO `options` VALUES (25, 9, '碧绿');
INSERT INTO `options` VALUES (26, 9, '寒冷');
INSERT INTO `options` VALUES (27, 9, '寂寥');
INSERT INTO `options` VALUES (28, 10, '人生只合柳州死, 禅智山光好墓田。');
INSERT INTO `options` VALUES (29, 10, '人生只合扬州死, 禅智山光好墓田。');
INSERT INTO `options` VALUES (30, 10, '人生只合杭州死, 禅智山光好墓田。');
INSERT INTO `options` VALUES (31, 11, '有花纹的马');
INSERT INTO `options` VALUES (32, 11, '离群的马');
INSERT INTO `options` VALUES (33, 11, '以班固.司马迁喻人');
INSERT INTO `options` VALUES (34, 12, '谢安');
INSERT INTO `options` VALUES (35, 12, '谢尚');
INSERT INTO `options` VALUES (36, 12, '谢玄');
INSERT INTO `options` VALUES (37, 13, '白蛇传');
INSERT INTO `options` VALUES (38, 13, '梁山伯与祝英台');
INSERT INTO `options` VALUES (39, 13, '牛郎织女');
INSERT INTO `options` VALUES (40, 14, '朱弦已为佳人绝, 醉眼聊因美酒横。');
INSERT INTO `options` VALUES (41, 14, '朱弦已为佳人绝, 老眼聊因美酒横。');
INSERT INTO `options` VALUES (42, 14, '朱弦已为佳人绝, 青眼聊因美酒横。');
INSERT INTO `options` VALUES (43, 15, '酒上浮起的绿色泡沫');
INSERT INTO `options` VALUES (44, 15, '绿色的蚂蚁');
INSERT INTO `options` VALUES (45, 15, '茶');
INSERT INTO `options` VALUES (46, 16, '穷——全');
INSERT INTO `options` VALUES (47, 16, '犁——黎');
INSERT INTO `options` VALUES (48, 16, '肠——心');
INSERT INTO `options` VALUES (49, 17, '春');
INSERT INTO `options` VALUES (50, 17, '夏');
INSERT INTO `options` VALUES (51, 17, '秋');
INSERT INTO `options` VALUES (52, 17, '冬');
INSERT INTO `options` VALUES (53, 18, '去过');
INSERT INTO `options` VALUES (54, 18, '知道');
INSERT INTO `options` VALUES (55, 18, '喜欢');
INSERT INTO `options` VALUES (56, 18, '熟悉');
INSERT INTO `options` VALUES (57, 19, '讨厌');
INSERT INTO `options` VALUES (58, 19, '厌倦');
INSERT INTO `options` VALUES (59, 19, '满足');
INSERT INTO `options` VALUES (60, 19, '厌恶');
INSERT INTO `options` VALUES (61, 20, '小猪');
INSERT INTO `options` VALUES (62, 20, '一种肉质鲜美的鱼');
INSERT INTO `options` VALUES (63, 20, '河豚');
INSERT INTO `options` VALUES (64, 20, '牛');
INSERT INTO `options` VALUES (65, 21, '广西庐山');
INSERT INTO `options` VALUES (66, 21, '江西庐山');
INSERT INTO `options` VALUES (67, 21, '浙江庐山');
INSERT INTO `options` VALUES (68, 21, '广东庐山');
INSERT INTO `options` VALUES (69, 22, '缘分');
INSERT INTO `options` VALUES (70, 22, '沿着');
INSERT INTO `options` VALUES (71, 22, '因为');
INSERT INTO `options` VALUES (72, 22, '缘由');
INSERT INTO `options` VALUES (73, 23, '苏洵');
INSERT INTO `options` VALUES (74, 23, '苏辙');
INSERT INTO `options` VALUES (75, 23, '苏轼');
INSERT INTO `options` VALUES (76, 23, '苏迈');
INSERT INTO `options` VALUES (77, 24, '984');
INSERT INTO `options` VALUES (78, 24, '1084');
INSERT INTO `options` VALUES (79, 24, '1184');
INSERT INTO `options` VALUES (80, 24, '1284');
INSERT INTO `options` VALUES (81, 25, '横看成岭侧成峰。');
INSERT INTO `options` VALUES (82, 25, '远近高低各不同。');
INSERT INTO `options` VALUES (83, 25, '不识庐山真面目。');
INSERT INTO `options` VALUES (84, 25, '只缘身在此山中。');
INSERT INTO `options` VALUES (85, 26, '游');
INSERT INTO `options` VALUES (86, 26, '山');
INSERT INTO `options` VALUES (87, 26, '西');
INSERT INTO `options` VALUES (88, 26, '村');
INSERT INTO `options` VALUES (89, 27, '《乡村四月》');
INSERT INTO `options` VALUES (90, 27, '《四时田园杂兴》');
INSERT INTO `options` VALUES (91, 27, '《游山西村》');
INSERT INTO `options` VALUES (92, 27, '《过故人庄》');
INSERT INTO `options` VALUES (93, 28, '笑');
INSERT INTO `options` VALUES (94, 28, '腊');
INSERT INTO `options` VALUES (95, 28, '留');
INSERT INTO `options` VALUES (96, 28, '足');
INSERT INTO `options` VALUES (97, 29, '不识庐山真面目，只缘身在此山中。');
INSERT INTO `options` VALUES (98, 29, '山重水复疑无路，柳暗花明又一村。');
INSERT INTO `options` VALUES (99, 29, '孤帆远影碧空尽，唯见长江天际流。');
INSERT INTO `options` VALUES (100, 29, '劝君更尽一杯酒，西出阳关无故人。');
INSERT INTO `options` VALUES (101, 30, '山水田园诗');
INSERT INTO `options` VALUES (102, 30, '咏物言志诗');
INSERT INTO `options` VALUES (103, 30, '赠友送别诗');
INSERT INTO `options` VALUES (104, 30, '边塞战争诗');
INSERT INTO `options` VALUES (105, 31, '浙江杭州');
INSERT INTO `options` VALUES (106, 31, '浙江温州');
INSERT INTO `options` VALUES (107, 31, '浙江绍兴');
INSERT INTO `options` VALUES (108, 31, '浙江嘉兴');
INSERT INTO `options` VALUES (109, 32, '横—恒');
INSERT INTO `options` VALUES (110, 32, '岭—领');
INSERT INTO `options` VALUES (111, 32, '峰—锋');
INSERT INTO `options` VALUES (112, 32, '底—低');
INSERT INTO `options` VALUES (113, 33, '《黄鹤楼送孟浩然之广陵》');
INSERT INTO `options` VALUES (114, 33, '《过故人庄》');
INSERT INTO `options` VALUES (115, 33, '《送元二使安西》');
INSERT INTO `options` VALUES (116, 33, '《送杜少府之任蜀州》');
INSERT INTO `options` VALUES (117, 34, '劝');
INSERT INTO `options` VALUES (118, 34, '更');
INSERT INTO `options` VALUES (119, 34, '尽');
INSERT INTO `options` VALUES (120, 34, '无');
INSERT INTO `options` VALUES (121, 35, '甘肃敦煌西南');
INSERT INTO `options` VALUES (122, 35, '甘肃敦煌西北');
INSERT INTO `options` VALUES (123, 35, '甘肃敦煌东南');
INSERT INTO `options` VALUES (124, 35, '甘肃敦煌东北');
INSERT INTO `options` VALUES (125, 36, '《山中送别》');
INSERT INTO `options` VALUES (126, 36, '《别董大》');
INSERT INTO `options` VALUES (127, 36, '《送杜少府之任蜀州》');
INSERT INTO `options` VALUES (128, 36, '《送元二使安西》');
INSERT INTO `options` VALUES (129, 37, '湖北襄阳');
INSERT INTO `options` VALUES (130, 37, '湖北荆州');
INSERT INTO `options` VALUES (131, 37, '湖北武汉');
INSERT INTO `options` VALUES (132, 37, '湖北咸宁');
INSERT INTO `options` VALUES (133, 38, '杜甫');
INSERT INTO `options` VALUES (134, 38, '杜收');
INSERT INTO `options` VALUES (135, 38, '杜辅');
INSERT INTO `options` VALUES (136, 38, '杜牧');
INSERT INTO `options` VALUES (137, 39, '杜甫《江南逢李龟年》');
INSERT INTO `options` VALUES (138, 39, '杜牧《江南春》');
INSERT INTO `options` VALUES (139, 39, '白居易《江南好》');
INSERT INTO `options` VALUES (140, 39, '白居易《忆江南》');
INSERT INTO `options` VALUES (141, 40, '苏轼');
INSERT INTO `options` VALUES (142, 40, '王士禛');
INSERT INTO `options` VALUES (143, 40, '辛弃疾');
INSERT INTO `options` VALUES (144, 40, '黄庭坚');
INSERT INTO `options` VALUES (145, 41, '又送王孙去。');
INSERT INTO `options` VALUES (146, 41, '故人西辞黄鹤楼。');
INSERT INTO `options` VALUES (147, 41, '劝君更尽一杯酒。');
INSERT INTO `options` VALUES (148, 41, '莫愁前路无知己。');
INSERT INTO `options` VALUES (149, 42, '李贺、杜甫、李商隐');
INSERT INTO `options` VALUES (150, 42, '李白、李贺、杜甫');
INSERT INTO `options` VALUES (151, 42, '李白、李商隐、李贺');
INSERT INTO `options` VALUES (152, 42, '李白、杜甫、李贺');
INSERT INTO `options` VALUES (153, 43, '《寻隐者不遇》');
INSERT INTO `options` VALUES (154, 43, '《过故人庄》');
INSERT INTO `options` VALUES (155, 43, '《小儿垂钓》');
INSERT INTO `options` VALUES (156, 43, '《所见》');
INSERT INTO `options` VALUES (157, 44, '《山行》');
INSERT INTO `options` VALUES (158, 44, '《清明》');
INSERT INTO `options` VALUES (159, 44, '《忆江南》');
INSERT INTO `options` VALUES (160, 44, '《江南春》');
INSERT INTO `options` VALUES (161, 45, '汪洙');
INSERT INTO `options` VALUES (162, 45, '白居易');
INSERT INTO `options` VALUES (163, 45, '杨万里');
INSERT INTO `options` VALUES (164, 45, '杜甫');
INSERT INTO `options` VALUES (165, 46, '靠近');
INSERT INTO `options` VALUES (166, 46, '旁边');
INSERT INTO `options` VALUES (167, 46, '依赖');
INSERT INTO `options` VALUES (168, 46, '远离');
INSERT INTO `options` VALUES (169, 47, '李贺');
INSERT INTO `options` VALUES (170, 47, '李白');
INSERT INTO `options` VALUES (171, 47, '李清照');
INSERT INTO `options` VALUES (172, 47, '李商隐');
INSERT INTO `options` VALUES (173, 48, '董大');
INSERT INTO `options` VALUES (174, 48, '元二');
INSERT INTO `options` VALUES (175, 48, '高适');
INSERT INTO `options` VALUES (176, 48, '王十一');
INSERT INTO `options` VALUES (177, 49, '白灵鸟');
INSERT INTO `options` VALUES (178, 49, '杜鹃鸟');
INSERT INTO `options` VALUES (179, 49, '画眉鸟');
INSERT INTO `options` VALUES (180, 49, '金丝雀');
INSERT INTO `options` VALUES (181, 50, '结束');
INSERT INTO `options` VALUES (182, 50, '完全(不)');
INSERT INTO `options` VALUES (183, 50, '姓');
INSERT INTO `options` VALUES (184, 50, '明白');
INSERT INTO `options` VALUES (185, 51, '昼—骤');
INSERT INTO `options` VALUES (186, 51, '云—耘');
INSERT INTO `options` VALUES (187, 51, '绩—系');
INSERT INTO `options` VALUES (188, 51, '庄—桩');
INSERT INTO `options` VALUES (189, 52, '范成大');
INSERT INTO `options` VALUES (190, 52, '苏舜钦');
INSERT INTO `options` VALUES (191, 52, '黄庭坚');
INSERT INTO `options` VALUES (192, 52, '翁卷');
INSERT INTO `options` VALUES (193, 53, '黄庭坚');
INSERT INTO `options` VALUES (194, 53, '杨万里');
INSERT INTO `options` VALUES (195, 53, '陆游');
INSERT INTO `options` VALUES (196, 53, '晏殊');
INSERT INTO `options` VALUES (197, 54, '元好问');
INSERT INTO `options` VALUES (198, 54, '张若虚');
INSERT INTO `options` VALUES (199, 54, '贾岛');
INSERT INTO `options` VALUES (200, 54, '柳宗元');
INSERT INTO `options` VALUES (201, 55, '童孙未解供耕织，也傍桑阴学种瓜');
INSERT INTO `options` VALUES (202, 55, '开轩面场圃，把酒话桑麻');
INSERT INTO `options` VALUES (203, 55, '昼出耘田夜绩麻，村庄儿女各当家');
INSERT INTO `options` VALUES (204, 55, '蓬头稚子学垂轮，侧坐莓苔草映身');
INSERT INTO `options` VALUES (205, 56, '李贺');
INSERT INTO `options` VALUES (206, 56, '王维');
INSERT INTO `options` VALUES (207, 56, '李白');
INSERT INTO `options` VALUES (208, 56, '高适');
INSERT INTO `options` VALUES (209, 57, '辛弃疾');
INSERT INTO `options` VALUES (210, 57, '陆游');
INSERT INTO `options` VALUES (211, 57, '翁卷');
INSERT INTO `options` VALUES (212, 57, '范成大');
INSERT INTO `options` VALUES (213, 58, '斜阳');
INSERT INTO `options` VALUES (214, 58, '夕阳');
INSERT INTO `options` VALUES (215, 58, '残阳');
INSERT INTO `options` VALUES (216, 58, '落霞');
INSERT INTO `options` VALUES (217, 59, '边塞');
INSERT INTO `options` VALUES (218, 59, '离别');
INSERT INTO `options` VALUES (219, 59, '山水');
INSERT INTO `options` VALUES (220, 59, '宫怨');
INSERT INTO `options` VALUES (221, 60, '湖北省');
INSERT INTO `options` VALUES (222, 60, '湖南省');
INSERT INTO `options` VALUES (223, 60, '江苏省');
INSERT INTO `options` VALUES (224, 60, '山东省');
INSERT INTO `options` VALUES (225, 61, '《独坐敬亭山》');
INSERT INTO `options` VALUES (226, 61, '《寻隐者不遇》');
INSERT INTO `options` VALUES (227, 61, '《青山》');
INSERT INTO `options` VALUES (228, 61, '《江雪》');
INSERT INTO `options` VALUES (229, 62, '开轩面场圃');
INSERT INTO `options` VALUES (230, 62, '绿树村边合');
INSERT INTO `options` VALUES (231, 62, '把酒话桑麻');
INSERT INTO `options` VALUES (232, 62, '待到重阳日');
INSERT INTO `options` VALUES (233, 63, '塞—赛');
INSERT INTO `options` VALUES (234, 63, '鹭—路');
INSERT INTO `options` VALUES (235, 63, '流—留');
INSERT INTO `options` VALUES (236, 63, '鲑—鳜');
INSERT INTO `options` VALUES (237, 64, '晨雨过青山，漠漠寒烟织。');
INSERT INTO `options` VALUES (238, 64, '采菊东篱下，悠然见南山。');
INSERT INTO `options` VALUES (239, 64, '人闲桂花落，夜静春山空。');
INSERT INTO `options` VALUES (240, 64, '黄梅时节家家雨，青草池塘处处蛙。');
INSERT INTO `options` VALUES (241, 65, '孟浩然');
INSERT INTO `options` VALUES (242, 65, '孟郊');
INSERT INTO `options` VALUES (243, 65, '陆游');
INSERT INTO `options` VALUES (244, 65, '李白');
INSERT INTO `options` VALUES (245, 66, '竹外桃花三两枝，春江水暖鸭先知');
INSERT INTO `options` VALUES (246, 66, '不识庐山真面目，只缘身在此山中');
INSERT INTO `options` VALUES (247, 66, '东风袅袅泛崇光，香雾空蒙月转廊');
INSERT INTO `options` VALUES (248, 66, '独出前门望野田，月明荞麦花如雪');
INSERT INTO `options` VALUES (249, 67, '《黄庭经》');
INSERT INTO `options` VALUES (250, 67, '《乐毅论》');
INSERT INTO `options` VALUES (251, 67, '《十七贴》');
INSERT INTO `options` VALUES (252, 67, '《兰亭集序》');
INSERT INTO `options` VALUES (253, 68, '陶渊明');
INSERT INTO `options` VALUES (254, 68, '王维');
INSERT INTO `options` VALUES (255, 68, '赵师秀');
INSERT INTO `options` VALUES (256, 68, '王驾');
INSERT INTO `options` VALUES (257, 69, '《使至塞上》');
INSERT INTO `options` VALUES (258, 69, '《送元二使安西》');
INSERT INTO `options` VALUES (259, 69, '《鸟鸣涧》');
INSERT INTO `options` VALUES (260, 69, '《山居秋暝》');
INSERT INTO `options` VALUES (261, 70, '没有');
INSERT INTO `options` VALUES (262, 70, '极端的');
INSERT INTO `options` VALUES (263, 70, '独特的');
INSERT INTO `options` VALUES (264, 70, '越过');
INSERT INTO `options` VALUES (265, 71, '《赋得古原草送别》——王维');
INSERT INTO `options` VALUES (266, 71, '《晓出净慈寺送林子方》——杨万里');
INSERT INTO `options` VALUES (267, 71, '《社日》——王驾');
INSERT INTO `options` VALUES (268, 71, '《村夜》——白居易');
INSERT INTO `options` VALUES (269, 72, '拟人');
INSERT INTO `options` VALUES (270, 72, '夸张');
INSERT INTO `options` VALUES (271, 72, '比喻');
INSERT INTO `options` VALUES (272, 72, '对偶');
INSERT INTO `options` VALUES (273, 73, '敬奉');
INSERT INTO `options` VALUES (274, 73, '从事');
INSERT INTO `options` VALUES (275, 73, '提供条件给需要的人应用');
INSERT INTO `options` VALUES (276, 73, '祭品');
INSERT INTO `options` VALUES (277, 74, '河豚');
INSERT INTO `options` VALUES (278, 74, '蒌蒿');
INSERT INTO `options` VALUES (279, 74, '鲈鱼');
INSERT INTO `options` VALUES (280, 74, '桃花');
INSERT INTO `options` VALUES (281, 75, '龙眼');
INSERT INTO `options` VALUES (282, 75, '荔枝');
INSERT INTO `options` VALUES (283, 75, '葡萄');
INSERT INTO `options` VALUES (284, 75, '桑葚');
INSERT INTO `options` VALUES (285, 76, '山气日夕佳');
INSERT INTO `options` VALUES (286, 76, '清晏皖公山');
INSERT INTO `options` VALUES (287, 76, '客路青山下');
INSERT INTO `options` VALUES (288, 76, '悠然见南山');
INSERT INTO `options` VALUES (289, 77, '远游的友人');
INSERT INTO `options` VALUES (290, 77, '贵族子弟');
INSERT INTO `options` VALUES (291, 77, '帝王之子');
INSERT INTO `options` VALUES (292, 77, '小孩子');
INSERT INTO `options` VALUES (293, 78, '安徽省池州');
INSERT INTO `options` VALUES (294, 78, '安徽省宣州');
INSERT INTO `options` VALUES (295, 78, '安徽省毫州');
INSERT INTO `options` VALUES (296, 78, '安徽省滁州');
INSERT INTO `options` VALUES (297, 79, '对偶');
INSERT INTO `options` VALUES (298, 79, '对比');
INSERT INTO `options` VALUES (299, 79, '夸张');
INSERT INTO `options` VALUES (300, 79, '比喻');
INSERT INTO `options` VALUES (301, 80, '一');
INSERT INTO `options` VALUES (302, 80, '二');
INSERT INTO `options` VALUES (303, 80, '三');
INSERT INTO `options` VALUES (304, 80, '四');
INSERT INTO `options` VALUES (305, 81, '《天末怀李白》');
INSERT INTO `options` VALUES (306, 81, '《饮洒下》');
INSERT INTO `options` VALUES (307, 81, '《江雪》');
INSERT INTO `options` VALUES (308, 81, '《独坐敬亭山》');
INSERT INTO `options` VALUES (309, 82, '描写了乡村农人耕织以及儿童学着大人的样子耕种田地的情景。');
INSERT INTO `options` VALUES (310, 82, '展现了农家夏忙时热烈的劳动场面。');
INSERT INTO `options` VALUES (311, 82, '塑造了农村儿童天真、勤劳、可爱的形象。');
INSERT INTO `options` VALUES (312, 82, '诗人以白描手法写江南农村初夏时节的景象。');
INSERT INTO `options` VALUES (313, 83, '云南省');
INSERT INTO `options` VALUES (314, 83, '湖南省');
INSERT INTO `options` VALUES (315, 83, '湖北省');
INSERT INTO `options` VALUES (316, 83, '四川省');
INSERT INTO `options` VALUES (317, 84, '《登快阁》');
INSERT INTO `options` VALUES (318, 84, '《将至桐城》');
INSERT INTO `options` VALUES (319, 84, '《鹧鸪天》');
INSERT INTO `options` VALUES (320, 84, '《春江花月夜》');
INSERT INTO `options` VALUES (321, 85, '《送元二使安西》');
INSERT INTO `options` VALUES (322, 85, '《山居秋暝》');
INSERT INTO `options` VALUES (323, 85, '《社日》');
INSERT INTO `options` VALUES (324, 85, '《鸟鸣涧》');
INSERT INTO `options` VALUES (325, 86, '喂鸡的粮食');
INSERT INTO `options` VALUES (326, 86, '鸡肉');
INSERT INTO `options` VALUES (327, 86, '丰盛的饭菜');
INSERT INTO `options` VALUES (328, 86, '小鸡');
INSERT INTO `options` VALUES (329, 87, '六月初六');
INSERT INTO `options` VALUES (330, 87, '七月初七');
INSERT INTO `options` VALUES (331, 87, '八月初八');
INSERT INTO `options` VALUES (332, 87, '九月初九');
INSERT INTO `options` VALUES (333, 88, '苏辙');
INSERT INTO `options` VALUES (334, 88, '苏轼');
INSERT INTO `options` VALUES (335, 88, '苏洵');
INSERT INTO `options` VALUES (336, 88, '欧阳修');
INSERT INTO `options` VALUES (337, 89, '《黄鹤楼送孟浩然之广陵》');
INSERT INTO `options` VALUES (338, 89, '《送元二使安西》');
INSERT INTO `options` VALUES (339, 89, '《过故人庄》');
INSERT INTO `options` VALUES (340, 89, '《望洞庭》');
INSERT INTO `options` VALUES (341, 90, '跟“新”相对。');
INSERT INTO `options` VALUES (342, 90, '老交情');
INSERT INTO `options` VALUES (343, 90, '从前');
INSERT INTO `options` VALUES (344, 90, '过时的');
INSERT INTO `options` VALUES (345, 91, '陶渊明');
INSERT INTO `options` VALUES (346, 91, '赵师秀');
INSERT INTO `options` VALUES (347, 91, '王驾');
INSERT INTO `options` VALUES (348, 91, '白居易');
INSERT INTO `options` VALUES (349, 92, '陆游');
INSERT INTO `options` VALUES (350, 92, '王维');
INSERT INTO `options` VALUES (351, 92, '杜甫');
INSERT INTO `options` VALUES (352, 92, '白居易');
INSERT INTO `options` VALUES (353, 93, '春天');
INSERT INTO `options` VALUES (354, 93, '夏天');
INSERT INTO `options` VALUES (355, 93, '秋天');
INSERT INTO `options` VALUES (356, 93, '冬天');
INSERT INTO `options` VALUES (357, 94, '清清');
INSERT INTO `options` VALUES (358, 94, '青青');
INSERT INTO `options` VALUES (359, 94, '轻轻');
INSERT INTO `options` VALUES (360, 94, '晴晴');
INSERT INTO `options` VALUES (361, 95, '渭—谓');
INSERT INTO `options` VALUES (362, 95, '浥—异');
INSERT INTO `options` VALUES (363, 95, '清—轻');
INSERT INTO `options` VALUES (364, 95, '新—欣');
INSERT INTO `options` VALUES (365, 96, '接天莲叶无穷碧，映日荷花别样红。');
INSERT INTO `options` VALUES (366, 96, '黄梅时节家家雨，青草池塘处处蛙。');
INSERT INTO `options` VALUES (367, 96, '漠漠水田飞白鹭，阴阴夏木啭黄鹂。');
INSERT INTO `options` VALUES (368, 96, '遥望洞庭山水翠，白银盘里一青螺。');
INSERT INTO `options` VALUES (369, 97, '孟浩然');
INSERT INTO `options` VALUES (370, 97, '志南');
INSERT INTO `options` VALUES (371, 97, '白居易');
INSERT INTO `options` VALUES (372, 97, '陆游');
INSERT INTO `options` VALUES (373, 98, '汉朝');
INSERT INTO `options` VALUES (374, 98, '唐朝');
INSERT INTO `options` VALUES (375, 98, '宋朝');
INSERT INTO `options` VALUES (376, 98, '元朝');
INSERT INTO `options` VALUES (377, 99, '东方');
INSERT INTO `options` VALUES (378, 99, '西方');
INSERT INTO `options` VALUES (379, 99, '南方');
INSERT INTO `options` VALUES (380, 99, '北方');
INSERT INTO `options` VALUES (381, 100, '桑柘影斜春社散');
INSERT INTO `options` VALUES (382, 100, '家家扶得醉人归');
INSERT INTO `options` VALUES (383, 100, '鹅湖山下稻梁肥');
INSERT INTO `options` VALUES (384, 100, '竹外桃花三两枝');
INSERT INTO `options` VALUES (385, 101, '王驾');
INSERT INTO `options` VALUES (386, 101, '赵师秀');
INSERT INTO `options` VALUES (387, 101, '贾岛');
INSERT INTO `options` VALUES (388, 101, '李贺');
INSERT INTO `options` VALUES (389, 102, '白居易');
INSERT INTO `options` VALUES (390, 102, '孟浩然');
INSERT INTO `options` VALUES (391, 102, '柳宗元');
INSERT INTO `options` VALUES (392, 102, '黄庭坚');
INSERT INTO `options` VALUES (393, 103, '这首《凉州词》写的是边塞将士的生活，描绘边地的生活环境，反映戍边将士的复杂感情，是宋代边塞诗的名篇之一。');
INSERT INTO `options` VALUES (394, 103, '第三句中的\"怨杨柳\"有两层意思：一层意思是吹奏哀怨的《折杨柳》曲，另一层意思是说，因为与家人离别而怨恨的戌卒抱怨边塞杨柳不青，连折柳寄情的愿望也难以表达。');
INSERT INTO `options` VALUES (395, 103, '\"春风不度玉门关\"这句诗采用了比喻的修辞，喻指朝廷对戍边将士不关心，恩泽不能到达边塞。');
INSERT INTO `options` VALUES (396, 103, '这首诗格调雄奇，语句流畅，虽抒哀怨之情，但悲中有壮，不失慷慨.豪放的风格。');
INSERT INTO `options` VALUES (397, 104, '此诗第二句写雨景，运用\"如烟\"的比喻，绘出了雨的形态。');
INSERT INTO `options` VALUES (398, 104, '第三.四句写农事繁忙，\"才\".\"又\"两字的搭配使用，不说\"忙\"而读者已感受到忙的气氛.忙的节奏。');
INSERT INTO `options` VALUES (399, 104, '《乡村四月》写江南农村初春的风光及繁忙的农事，表现诗人对农村生活的热爱之情。');
INSERT INTO `options` VALUES (400, 104, '这首诗写景.叙事相结合，语言质朴，清新。');
INSERT INTO `options` VALUES (401, 105, '这是唐代诗人王维作的一首七言律诗，又名《送六二使安西》。');
INSERT INTO `options` VALUES (402, 105, '这里的\"渭城\"指秦故都咸阳城，\"故人\"是老朋友的意思。');
INSERT INTO `options` VALUES (403, 105, '诗的一.二两句写景，写出了送别的时间.地点和环境气氛。');
INSERT INTO `options` VALUES (404, 105, '诗的三.四两句叙事抒情，抒发了强烈.真挚的惜别之情。');
INSERT INTO `options` VALUES (405, 106, '这是宋代诗人苏轼在惠崇所作的画上题写的七言绝句。');
INSERT INTO `options` VALUES (406, 106, '全诗通过对画面景物的描写，结合联想，显示了早春自然界的勃勃生机，形象真实，意境清新。');
INSERT INTO `options` VALUES (407, 106, '第三.四句实写了画中的景物，如鲜嫩的蒌蒿.短壮的芦芽.逆水上游的河豚。');
INSERT INTO `options` VALUES (408, 106, '第一句中的\"三两枝\"说明时间是早春。');
INSERT INTO `options` VALUES (409, 106, '\"知汝远来应有意，好收吾骨瘅江边。\"沉痛而从容。诗人向侄孙交待后事，语义紧扣第四句，进而吐露出积极向上的情怀。');
INSERT INTO `options` VALUES (410, 107, '一.二两句写江和山，以\"断\"和\"开\"两个动词写出了大江奔腾的壮阔气势。');
INSERT INTO `options` VALUES (411, 107, '\"两岸青山相对出\"中的\"出\"字，使静止不动的山富有动态的美，也写出了诗人独特的感受。');
INSERT INTO `options` VALUES (412, 107, '\"孤帆一片日边来\"这句诗运用了比喻的修辞，传神地描绘出一叶轻舟乘风破浪，越来越靠近天门山的情景。');
INSERT INTO `options` VALUES (413, 107, '这首诗文字浅近，想象独特，写景逼真，展现了一幅雄伟壮丽的山水画卷。');
INSERT INTO `options` VALUES (414, 108, '\'渔歌子\'是题目，这首词的语言通俗流畅，清新自然，具有民歌风味。');
INSERT INTO `options` VALUES (415, 108, '\"鳜鱼肥\"表明这是垂钓的大好季节，\"青箬笠，绿蓑衣\"标示了渔父的身份。');
INSERT INTO `options` VALUES (416, 108, '这首词描写了江南水乡春汛时期的自然景物，刻画了一位怡然自得的垂钓渔翁。');
INSERT INTO `options` VALUES (417, 108, '这首词托物言志，借渔翁的生活表达自己摆脱官场羁绊后，热爱自然，追求闲适生活的情趣。');
INSERT INTO `options` VALUES (418, 109, '辛弃疾写这首词寄给陈亮，既是对好友不得志表示慰解，也是借此抒发自己失意的感慨。');
INSERT INTO `options` VALUES (419, 109, '\"五十弦翻塞外声\"中的\"翻\"意思是\"弹奏\"，这个词准确形象地表现出弹奏热烈.乐声响彻云霄的情景。');
INSERT INTO `options` VALUES (420, 109, '\"马作的卢飞快，弓如霹雳弦惊\"这两诗句分别从听觉.视觉两个角度概括而生动地写出战斗紧张激烈。');
INSERT INTO `options` VALUES (421, 109, '这首词借剑寄意，表现抗金救国的主题，即是壮词又是悲歌，基调愤激。');
INSERT INTO `options` VALUES (422, 110, '《出塞》，古代一种军歌的题目。塞，边疆可作屏障的险要地方。');
INSERT INTO `options` VALUES (423, 110, '\"龙城飞将\"古人对汉朝防守边疆大将李广的美称，诗中借来代称英勇机智的统帅。');
INSERT INTO `options` VALUES (424, 110, '\"胡马\"指古代北方民族的军队。胡，古代对北方民族的通称。');
INSERT INTO `options` VALUES (425, 110, '这首诗表达了作者立志报国，死而后已的思想感情。');
INSERT INTO `options` VALUES (426, 111, '这首诗是作者路过瓜洲，怀念金陵住所的诗，一般认为是作者第二次拜相，奉诏进京时所作。');
INSERT INTO `options` VALUES (427, 111, '\"绿\"意为\"吹绿\"，把看不见的春风转移为色彩鲜明的视觉形象，蕴含更为丰富，也更富有表现力。');
INSERT INTO `options` VALUES (428, 111, '\"京口瓜洲一水间\"中的\"间\"，音为jiān，中间。这句诗交代了两个镇所处的地理位置。');
INSERT INTO `options` VALUES (429, 111, '这诗借春风.明月来表达了诗人思念家乡的思想感情。');
INSERT INTO `options` VALUES (430, 112, '这是一首北朝时敕勒族的民歌，描绘出我国北方草原的奇特风光，全文意境清丽。');
INSERT INTO `options` VALUES (431, 112, '敕勒川是敕勒族居住的地方，川意为平川.平原。');
INSERT INTO `options` VALUES (432, 112, '末句中\"见\"同\"现\"，呈现露出来，\"见\"字突出了北方草原的草长势茂盛。');
INSERT INTO `options` VALUES (433, 112, '\"穹庐\".\"四野\".\"苍苍\".\"茫茫\"等词语勾勒出草原的辽阔苍茫，也反映了游牧民族的生活环境。');
INSERT INTO `options` VALUES (434, 113, '这首诗为七言绝句，抒发了自己立志报国，死而后已的思想情感。');
INSERT INTO `options` VALUES (435, 113, '一.二句意为：石灰石从深山中被人们用多少次的锤敲凿挖才取出来，经过烈火焚烧后好像很清闲。');
INSERT INTO `options` VALUES (436, 113, '三.四句意为：面对粉骨碎身石灰石完全不怕，只求得为人们留取青白，高度赞扬了石灰的品格。');
INSERT INTO `options` VALUES (437, 113, '全诗以\"石灰\"为意象，写了石灰的品格，以石灰自喻，表达了自己的情感。');
INSERT INTO `options` VALUES (438, 114, '这是一首中秋咏月兼怀亲人的抒情之作。作者于中秋赏月，作者欢饮达旦，在醉意朦胧中写下此词，抒发了人生感慨和怀念亲人的深情。');
INSERT INTO `options` VALUES (439, 114, '\"转朱阁，低绮户，照无眠\"，这三句写月光的转移，照着那些彻夜不眠的人，映衬出人间离别之苦，同时寄寓了怀念子由的手足深情。');
INSERT INTO `options` VALUES (440, 114, '\"此事古难全\"一句中的\"此事\"指\"但愿人长久，千里共婵娟\"，此句表示了与亲人共赏人间美景的心愿，体现了诗人积极乐观的人生态度。');
INSERT INTO `options` VALUES (441, 114, '全词想象新奇，境界开阔，融幻想与现实于一体，既有飘逸邈远的意境，又有耐人寻味的理趣，富有浪漫主义色彩。');
INSERT INTO `options` VALUES (442, 115, '这诗句是诗人于天宝三载初离朝廷，离开长安时所作。诗歌表现了诗人对自己被排济出京的遭遇感到不平。');
INSERT INTO `options` VALUES (443, 115, '所选诗句的前两句比喻人生道路中的艰难险阻。');
INSERT INTO `options` VALUES (444, 115, '所选诗句的三四两句，引用了两个典故，表示对自己的前途失去了信心。');
INSERT INTO `options` VALUES (445, 115, '所选诗句的最后两句中\"云帆\"指航行在大海里的船只，因水天相连，船帆好像出没在云雾之中。');
INSERT INTO `options` VALUES (446, 116, '首联叙将别之时，气势宏伟，已寓伤别之意，为下文抒情奠定基础。');
INSERT INTO `options` VALUES (447, 116, '颔联意似悲而旷达之胸襟可见，以此慰勉友人。');
INSERT INTO `options` VALUES (448, 116, '颈联的意思是只要海内有知音，则虽各处天涯，亦如同比邻一般。道出了古今上下几千年人们的共同心声。');
INSERT INTO `options` VALUES (449, 116, '尾联系由前三层逼出--既是远别，又同为宦游，虽别而如比邻，则自当于别时不效儿女之态。以此作结，恰当好处。');
INSERT INTO `options` VALUES (450, 117, '\"胡琴琵琶与羌笛\"句，并列三种乐器而不写音乐本身，但仍能间接传达出一种热闹的场面。');
INSERT INTO `options` VALUES (451, 117, '\"风掣红旗冻不翻\"，雪大风小，红旗一动也不动，这一生动而反常的细节传神地写出了天气的奇寒。');
INSERT INTO `options` VALUES (452, 117, '\"雪上空留马行处\"，既写出了作者对行者的难舍而留恋，也表现了自己归期未卜而惆怅的心情。');
INSERT INTO `options` VALUES (453, 117, '诗歌主要写雪景，而作者在那白雪的背景上设置鲜红一点，反衬得整个境界更洁白，更寒冷。那雪花乱飞的空中不动的物象，又衬得整个画面更加生动。');
INSERT INTO `options` VALUES (454, 118, '这首诗描绘了初春小池的清丽可爱，表达了作者欣赏时的喜悦心情。');
INSERT INTO `options` VALUES (455, 118, '\"泉眼无声惜细流\"中的\"泉眼\"指泉的出水口，\"细流\"指泉水流得细小.舒缓。');
INSERT INTO `options` VALUES (456, 118, '\"树阴照水爱晴柔\"描写是晴光下小池澄澈柔美的景象。');
INSERT INTO `options` VALUES (457, 118, '后两句是佳句，也是名句，景物形象鲜明，一个\"立\"字极写了小池的美丽。');
INSERT INTO `options` VALUES (458, 119, '这是一首描写.歌唱西湖的诗，清代王文浩说：\"此是名篇，可谓前无古人，后无来者。\"');
INSERT INTO `options` VALUES (459, 119, '一.二两句描绘了晴天和雨天的西湖都是美丽的。');
INSERT INTO `options` VALUES (460, 119, '第三句中的\"西子\"指春秋时期越国美女西施。');
INSERT INTO `options` VALUES (461, 119, '\"淡妆浓抹总相宜\"这句运用了拟人的修辞方法，形象的描写了不管什么时候的西湖，总是合适好看。');
INSERT INTO `options` VALUES (462, 120, '开头两句写诗人行径孤山寺和贾亭时所看到的天光水色，勾勒出西湖早春的轮廓。');
INSERT INTO `options` VALUES (463, 120, '三.四句从莺.燕的动态中，把春天的活力，大自然从秋冬沉睡中苏醒过来的春意生动地描绘出来。');
INSERT INTO `options` VALUES (464, 120, '五.六两句写骑马游春的人们，包括诗人自己。以人们的感受写西湖春景。');
INSERT INTO `options` VALUES (465, 120, '结尾两句诗详写湖东的白沙堤，在绿杨阴里，更是美不胜收。');
INSERT INTO `options` VALUES (466, 121, '这两句诗写春望所见。一个\"破\"字，视野从城到山河，令人怵目惊心;一个\"深\"字，视野从满城到花鸟，令人满目凄然，诗人的感情由隐到显，由弱到强，步步推进。');
INSERT INTO `options` VALUES (467, 121, '这两句诗对仗工巧，圆熟自然，诗意变化。\"国破\"对\"城春\"，两意相反。\"国破\"的残垣断壁同富有生机的\"城春\"对举，对照强烈。');
INSERT INTO `options` VALUES (468, 121, '诗意变化的又一例为\"国破\"与\"山河在\"前写国都沦陷，城池残破，后写山河依旧，意思相反;\"城春\"与\"草木深\"前写明媚春景，后叙荒芜之状，前后相悖。这种诗意的变化，突出了山河破败的景象。');
INSERT INTO `options` VALUES (469, 121, '这两句诗以写景为主。句中的\"国\".\"山河\".\"城\".\"草木\"都是诗人亲眼所写的景物。');
INSERT INTO `options` VALUES (470, 122, '诗的开篇即写春望所见，突出写山河破碎.满城荒芜，写长安沦陷后的残败景象。');
INSERT INTO `options` VALUES (471, 122, '\"感时花溅泪，恨别鸟惊心\"有两种解释。一种是触景生情：因感时恨别，见到了本为娱人之物的花鸟反而流泪惊心;一种是移情于物：以花鸟拟人，感时伤别，花也溅泪，鸟也惊心。两种解释都符合诗意。');
INSERT INTO `options` VALUES (472, 122, '\"烽火连三月，家书抵万金\"写自安史叛乱以来，战火不断，企盼亲人消息，一封家信真是胜过\"万金\"!\"家书抵万金\"是说一万两金才能得到一封家信。');
INSERT INTO `options` VALUES (473, 122, '\"白头搔更短，浑欲不胜簪\"句中，\"白发\"为愁所致，\"搔\"为想要解愁的动作，\"更短\"可见愁的程度。这样，在国破家亡.离乱之伤痛之外，诗人又叹息衰老，更增了一层悲哀。');
INSERT INTO `options` VALUES (474, 123, '首联追述往事，说自己参加科举考试而入仕做官，在频繁的抗元战争中已度过四年。');
INSERT INTO `options` VALUES (475, 123, '颔联形象地抒发其关于世事人生的深沉慨叹，国势危亡如风中柳絮，自己也如雨中浮萍漂泊不定，对世事人生失去信心。');
INSERT INTO `options` VALUES (476, 123, '颈联叙写往日抗元遭遇的挫折和被囚押的孤苦处境。这两句抒情与叙事融为一体，感染力极强。');
INSERT INTO `options` VALUES (477, 123, '尾联笔锋陡转，表达作者身陷绝境时的民族气节和舍生取义的生死观。');
INSERT INTO `options` VALUES (478, 124, '这首诗描绘山西村美丽富饶，村民淳朴好客，表现出诗人对田园之乐的向往。');
INSERT INTO `options` VALUES (479, 124, '三.四两句，隐含诗人受挫不馁的精神，有不断进取的意趣。');
INSERT INTO `options` VALUES (480, 124, '\"箫鼓追随春社近\"的意思是：农民击着鼓，奏着乐一队一队地走过，原来是在准备迎接即将到来的社日盛会。');
INSERT INTO `options` VALUES (481, 124, '这首诗写于诗人因坚持抗金复国的主张而被罢官回乡时，所以诗中含有悲观失意的情调。');
INSERT INTO `options` VALUES (482, 125, '这首诗表现了作者长期遭贬谪的悲凉.愤懑的心情，同时又袒露出作者豁达豪放的襟怀和坚忍不拔的意志。');
INSERT INTO `options` VALUES (483, 125, '一.二句写出了作者被贬谪置于巴楚这荒远凄凉的地方，已有二十三年了。');
INSERT INTO `options` VALUES (484, 125, '三.四句写作者借吹笛来抒发对故乡的思念，以及回到家乡后衣着破烂的落魄情景。');
INSERT INTO `options` VALUES (485, 125, '五.六句作者虽以\"沉舟\".\"病树\"自比，但不消沉，写出了新事物必将代替旧事物。');
INSERT INTO `options` VALUES (486, 126, '幽静');
INSERT INTO `options` VALUES (487, 126, '幽深的竹林');
INSERT INTO `options` VALUES (488, 126, '竹林');
INSERT INTO `options` VALUES (489, 127, '诗圣');
INSERT INTO `options` VALUES (490, 127, '诗鬼');
INSERT INTO `options` VALUES (491, 127, '诗佛');
INSERT INTO `options` VALUES (492, 128, '《如梦令》');
INSERT INTO `options` VALUES (493, 128, '《竹里馆》');
INSERT INTO `options` VALUES (494, 128, '《使至塞上》');
INSERT INTO `options` VALUES (495, 129, '刘禹锡');
INSERT INTO `options` VALUES (496, 129, '杜甫');
INSERT INTO `options` VALUES (497, 129, '苏轼');
INSERT INTO `options` VALUES (498, 130, '独坐');
INSERT INTO `options` VALUES (499, 130, '弹琴');
INSERT INTO `options` VALUES (500, 130, '明月');
INSERT INTO `options` VALUES (501, 131, '折取柳枝');
INSERT INTO `options` VALUES (502, 131, '惜别怀远');
INSERT INTO `options` VALUES (503, 131, '折断的柳枝');
INSERT INTO `options` VALUES (504, 132, '《诗经》');
INSERT INTO `options` VALUES (505, 132, '《春秋》');
INSERT INTO `options` VALUES (506, 132, '《礼记》');
INSERT INTO `options` VALUES (507, 133, '玉笛');
INSERT INTO `options` VALUES (508, 133, '折柳');
INSERT INTO `options` VALUES (509, 133, '春风');
INSERT INTO `options` VALUES (510, 134, '谁家玉笛暗飞声');
INSERT INTO `options` VALUES (511, 134, '散入春风满洛城');
INSERT INTO `options` VALUES (512, 134, '此夜曲中闻折柳');
INSERT INTO `options` VALUES (513, 135, '扬州');
INSERT INTO `options` VALUES (514, 135, '江陵');
INSERT INTO `options` VALUES (515, 135, '洛阳');
INSERT INTO `options` VALUES (516, 136, '春天');
INSERT INTO `options` VALUES (517, 136, '秋天');
INSERT INTO `options` VALUES (518, 136, '冬天');
INSERT INTO `options` VALUES (519, 137, '闻笛');
INSERT INTO `options` VALUES (520, 137, '此夜');
INSERT INTO `options` VALUES (521, 137, '折柳');
INSERT INTO `options` VALUES (522, 138, '泪不干');
INSERT INTO `options` VALUES (523, 138, '马上相逢');
INSERT INTO `options` VALUES (524, 138, '报平安');
INSERT INTO `options` VALUES (525, 139, '身体衰老');
INSERT INTO `options` VALUES (526, 139, '泪流纵横');
INSERT INTO `options` VALUES (527, 139, '潦倒');
INSERT INTO `options` VALUES (528, 140, '长安');
INSERT INTO `options` VALUES (529, 140, '南京');
INSERT INTO `options` VALUES (530, 140, '安西');
INSERT INTO `options` VALUES (531, 141, '晚春');
INSERT INTO `options` VALUES (532, 141, '初夏');
INSERT INTO `options` VALUES (533, 141, '晚秋');
INSERT INTO `options` VALUES (534, 142, '临川先生');
INSERT INTO `options` VALUES (535, 142, '诚斋先生');
INSERT INTO `options` VALUES (536, 142, '河东先生');
INSERT INTO `options` VALUES (537, 143, '初春');
INSERT INTO `options` VALUES (538, 143, '初夏');
INSERT INTO `options` VALUES (539, 143, '初秋');
INSERT INTO `options` VALUES (540, 144, '视觉');
INSERT INTO `options` VALUES (541, 144, '听觉');
INSERT INTO `options` VALUES (542, 144, '视觉和听觉');
INSERT INTO `options` VALUES (543, 145, '杨万里');
INSERT INTO `options` VALUES (544, 145, '赵师秀');
INSERT INTO `options` VALUES (545, 145, '陆游');
INSERT INTO `options` VALUES (546, 146, '苏轼《浣溪沙》');
INSERT INTO `options` VALUES (547, 146, '白居易《暮江吟》');
INSERT INTO `options` VALUES (548, 146, '李白《春夜洛城闻笛》');
INSERT INTO `options` VALUES (549, 147, '比喻');
INSERT INTO `options` VALUES (550, 147, '拟人');
INSERT INTO `options` VALUES (551, 147, '对比');
INSERT INTO `options` VALUES (552, 148, '豆荚');
INSERT INTO `options` VALUES (553, 148, '榆树');
INSERT INTO `options` VALUES (554, 148, '榆钱');
INSERT INTO `options` VALUES (555, 149, '扑朔迷离');
INSERT INTO `options` VALUES (556, 149, '雌雄同体');
INSERT INTO `options` VALUES (557, 149, '一雕双兔');
INSERT INTO `options` VALUES (558, 150, '东晋');
INSERT INTO `options` VALUES (559, 150, '南北朝');
INSERT INTO `options` VALUES (560, 150, '隋朝');
INSERT INTO `options` VALUES (561, 151, '走马观花');
INSERT INTO `options` VALUES (562, 151, '茶走位了');
INSERT INTO `options` VALUES (563, 151, '走漏消息');
INSERT INTO `options` VALUES (564, 152, '回忆');
INSERT INTO `options` VALUES (565, 152, '记忆');
INSERT INTO `options` VALUES (566, 152, '思念');
INSERT INTO `options` VALUES (567, 153, '南市买配头，北市买长鞭。');
INSERT INTO `options` VALUES (568, 153, '南市买辔头，北市买长鞭。');
INSERT INTO `options` VALUES (569, 153, '南市买辔头，北市买长辫。');
INSERT INTO `options` VALUES (570, 154, '烽火台');
INSERT INTO `options` VALUES (571, 154, '幽州台');
INSERT INTO `options` VALUES (572, 154, '铜雀台');
INSERT INTO `options` VALUES (573, 155, '前人');
INSERT INTO `options` VALUES (574, 155, '古代的人');
INSERT INTO `options` VALUES (575, 155, '贤明的君主');
INSERT INTO `options` VALUES (576, 156, '大自然');
INSERT INTO `options` VALUES (577, 156, '创造');
INSERT INTO `options` VALUES (578, 156, '泰山');
INSERT INTO `options` VALUES (579, 157, '诸葛亮');
INSERT INTO `options` VALUES (580, 157, '刘备');
INSERT INTO `options` VALUES (581, 157, '刘禅');
INSERT INTO `options` VALUES (582, 158, '斗笠');
INSERT INTO `options` VALUES (583, 158, '战士的头盔');
INSERT INTO `options` VALUES (584, 158, '一种军用炊具');
INSERT INTO `options` VALUES (585, 159, '陆游');
INSERT INTO `options` VALUES (586, 159, '辛弃疾');
INSERT INTO `options` VALUES (587, 159, '苏轼');
INSERT INTO `options` VALUES (588, 160, '清澈');
INSERT INTO `options` VALUES (589, 160, '天空');
INSERT INTO `options` VALUES (590, 160, '清水');
INSERT INTO `options` VALUES (591, 161, '八月湖水平，涵虚混太清。');
INSERT INTO `options` VALUES (592, 161, '气蒸云梦泽，波撼岳阳城。');
INSERT INTO `options` VALUES (593, 161, '巴陵无限酒，醉杀洞庭秋。');
INSERT INTO `options` VALUES (594, 162, '艾草');
INSERT INTO `options` VALUES (595, 162, '薰衣草');
INSERT INTO `options` VALUES (596, 162, '忘忧草');
INSERT INTO `options` VALUES (597, 163, '碣——朅');
INSERT INTO `options` VALUES (598, 163, '邦——梆');
INSERT INTO `options` VALUES (599, 163, '桀——滐');
INSERT INTO `options` VALUES (600, 164, '门、堂、庭、室');
INSERT INTO `options` VALUES (601, 164, '门、庭、堂、室');
INSERT INTO `options` VALUES (602, 164, '门、室、堂、庭');
INSERT INTO `options` VALUES (603, 165, '杨花落尽子规啼');
INSERT INTO `options` VALUES (604, 165, '杨花榆荚无才思');
INSERT INTO `options` VALUES (605, 165, '杨花终日空飞舞');
INSERT INTO `options` VALUES (606, 166, '故园东望路漫漫，双袖龙钟泪不干。');
INSERT INTO `options` VALUES (607, 166, '念天地之悠悠，独怆然而涕下。');
INSERT INTO `options` VALUES (608, 166, '荡胸生层云，决眦入归鸟。');
INSERT INTO `options` VALUES (609, 167, '初春');
INSERT INTO `options` VALUES (610, 167, '初夏');
INSERT INTO `options` VALUES (611, 167, '冬季');
INSERT INTO `options` VALUES (612, 168, '三山乡西边的村落');
INSERT INTO `options` VALUES (613, 168, '山西省的一个村落');
INSERT INTO `options` VALUES (614, 168, '山的西面村落');
INSERT INTO `options` VALUES (615, 169, '腊酒');
INSERT INTO `options` VALUES (616, 169, '留客');
INSERT INTO `options` VALUES (617, 169, '足');
INSERT INTO `options` VALUES (618, 170, '西岳华山');
INSERT INTO `options` VALUES (619, 170, '东岳泰山');
INSERT INTO `options` VALUES (620, 170, '南岳衡山');
INSERT INTO `options` VALUES (621, 171, '海豚');
INSERT INTO `options` VALUES (622, 171, '小猪');
INSERT INTO `options` VALUES (623, 171, '猪肉');
INSERT INTO `options` VALUES (624, 172, '将军百战死，壮士十年归');
INSERT INTO `options` VALUES (625, 172, '万里赴戎机，关山度若飞');
INSERT INTO `options` VALUES (626, 172, '朔气传金柝，寒光照铁衣');
INSERT INTO `options` VALUES (627, 173, '《孔雀东南飞》');
INSERT INTO `options` VALUES (628, 173, '《木兰诗》');
INSERT INTO `options` VALUES (629, 173, '《敕勒歌》');
INSERT INTO `options` VALUES (630, 174, '杨万里');
INSERT INTO `options` VALUES (631, 174, '辛弃疾');
INSERT INTO `options` VALUES (632, 174, '李清照');
INSERT INTO `options` VALUES (633, 175, '李商隐');
INSERT INTO `options` VALUES (634, 175, '大臣');
INSERT INTO `options` VALUES (635, 175, '贾谊');
INSERT INTO `options` VALUES (636, 176, '《约客》');
INSERT INTO `options` VALUES (637, 176, '《登飞来峰》');
INSERT INTO `options` VALUES (638, 176, '《过松源晨炊漆工店》');
INSERT INTO `options` VALUES (639, 177, '《敕勒歌》');
INSERT INTO `options` VALUES (640, 177, '《木兰诗》');
INSERT INTO `options` VALUES (641, 177, '《陇头歌》');
INSERT INTO `options` VALUES (642, 178, '除夕');
INSERT INTO `options` VALUES (643, 178, '春节');
INSERT INTO `options` VALUES (644, 178, '元宵节');
INSERT INTO `options` VALUES (645, 179, '昏暗');
INSERT INTO `options` VALUES (646, 179, '山南水北');
INSERT INTO `options` VALUES (647, 179, '山北水南');
INSERT INTO `options` VALUES (648, 180, '昏暗');
INSERT INTO `options` VALUES (649, 180, '山南水北');
INSERT INTO `options` VALUES (650, 180, '山北水南');
INSERT INTO `options` VALUES (651, 181, '词牌名');
INSERT INTO `options` VALUES (652, 181, '曲牌名');
INSERT INTO `options` VALUES (653, 181, '题目');
INSERT INTO `options` VALUES (654, 182, '岱宗夫如何？齐鲁青未了。');
INSERT INTO `options` VALUES (655, 182, '造化钟神秀，阴阳割昏晓。');
INSERT INTO `options` VALUES (656, 182, '会当凌绝顶，一览众山小。');
INSERT INTO `options` VALUES (657, 183, '陈叔宝《玉树后庭花》');
INSERT INTO `options` VALUES (658, 183, '杜牧《泊秦淮》');
INSERT INTO `options` VALUES (659, 183, '孙光宪《后庭花');
INSERT INTO `options` VALUES (660, 183, '一春不识西湖面》');
INSERT INTO `options` VALUES (661, 184, '人胜节');
INSERT INTO `options` VALUES (662, 184, '春社');
INSERT INTO `options` VALUES (663, 184, '寒食节');
INSERT INTO `options` VALUES (664, 185, '溯气传金柝，寒光照铁衣');
INSERT INTO `options` VALUES (665, 185, '朔气传金析，寒光照铁衣');
INSERT INTO `options` VALUES (666, 185, '朔气传金柝，寒光照铁衣');
INSERT INTO `options` VALUES (667, 186, '岱宗夫如何');
INSERT INTO `options` VALUES (668, 186, '乡书何处达');
INSERT INTO `options` VALUES (669, 186, '明月几时有');
INSERT INTO `options` VALUES (670, 187, '门');
INSERT INTO `options` VALUES (671, 187, '姓');
INSERT INTO `options` VALUES (672, 187, '外城');
INSERT INTO `options` VALUES (673, 188, '逃之夭夭，灼灼其华');
INSERT INTO `options` VALUES (674, 188, '一顾倾人城，再顾倾人国');
INSERT INTO `options` VALUES (675, 188, '清水出芙蓉，天然去雕饰');
INSERT INTO `options` VALUES (676, 189, '感时花溅泪，恨别鸟惊心。');
INSERT INTO `options` VALUES (677, 189, '落红不是无情物，化作春泥更护花。');
INSERT INTO `options` VALUES (678, 189, '花自飘零水自流。');
INSERT INTO `options` VALUES (679, 190, '张养浩《登泰山》');
INSERT INTO `options` VALUES (680, 190, '谢道韫《泰山吟》');
INSERT INTO `options` VALUES (681, 190, '杜甫《望岳》');
INSERT INTO `options` VALUES (682, 191, '拄杖无时夜叩门');
INSERT INTO `options` VALUES (683, 191, '可怜春半不回家');
INSERT INTO `options` VALUES (684, 191, '相思一夜天涯远');
INSERT INTO `options` VALUES (685, 192, '贾岛');
INSERT INTO `options` VALUES (686, 192, '贾让');
INSERT INTO `options` VALUES (687, 192, '贾谊');
INSERT INTO `options` VALUES (688, 193, '兼——溅');
INSERT INTO `options` VALUES (689, 193, '帷——帏');
INSERT INTO `options` VALUES (690, 193, '飒——煞');
INSERT INTO `options` VALUES (691, 194, '枉然');
INSERT INTO `options` VALUES (692, 194, '广阔');
INSERT INTO `options` VALUES (693, 194, '到处都是');
INSERT INTO `options` VALUES (694, 195, '仁——仍');
INSERT INTO `options` VALUES (695, 195, '摄——赦');
INSERT INTO `options` VALUES (696, 195, '疾——急');
INSERT INTO `options` VALUES (697, 196, '故人具鸡黍，邀我至田家。');
INSERT INTO `options` VALUES (698, 196, '绿树村边合，青山廓外斜。');
INSERT INTO `options` VALUES (699, 196, '开轩面场圃，把酒话桑麻。');
INSERT INTO `options` VALUES (700, 197, '空山新雨后，天气晚来秋。');
INSERT INTO `options` VALUES (701, 197, '明月松间照，清泉石上流。');
INSERT INTO `options` VALUES (702, 197, '竹喧归浣女，莲动下鱼舟。');
INSERT INTO `options` VALUES (703, 198, '花径不曾缘客扫，蓬门今始为君开。');
INSERT INTO `options` VALUES (704, 198, '盘飧市远无兼味，樽酒家贫只旧醅。');
INSERT INTO `options` VALUES (705, 198, '肯与邻翁相对饮，隔离呼取尽馀杯。');
INSERT INTO `options` VALUES (706, 199, '万里瞿唐月，春来六上弦。');
INSERT INTO `options` VALUES (707, 199, '时时开暗室，故故满青天。');
INSERT INTO `options` VALUES (708, 199, '爽合风襟静，高当泪脸悬。');
INSERT INTO `options` VALUES (709, 199, '南飞有鸟鹊，夜久落江边。');
INSERT INTO `options` VALUES (710, 200, '青山横北郭，白水绕东城。');
INSERT INTO `options` VALUES (711, 200, '此地一为别，孤蓬万里征。');
INSERT INTO `options` VALUES (712, 200, '浮云游子意，落日故人情。');
INSERT INTO `options` VALUES (713, 200, '挥手自兹去，萧萧斑马鸣。');
INSERT INTO `options` VALUES (714, 201, '清晨入古寺，初日照高林。');
INSERT INTO `options` VALUES (715, 201, '曲径通幽处，蝉房花木深。');
INSERT INTO `options` VALUES (716, 201, '山光悦鸟性，潭影空人心。');
INSERT INTO `options` VALUES (717, 201, '万籁此俱寂，惟余钟磬音。');
INSERT INTO `options` VALUES (718, 202, '剑外忽传收寄北，初闻涕泪满衣裳。');
INSERT INTO `options` VALUES (719, 202, '却看妻子愁何在，漫卷诗书喜欲狂。');
INSERT INTO `options` VALUES (720, 202, '白日放歌须纵酒，青春作伴好还乡。');
INSERT INTO `options` VALUES (721, 202, '即从巴峡穿巫峡，便下襄阳向洛阳。');
INSERT INTO `options` VALUES (722, 203, '屋上春鸠鸣，村边杏花白。');
INSERT INTO `options` VALUES (723, 203, '持斧伐远扬，荷锄觇泉脉。');
INSERT INTO `options` VALUES (724, 203, '归雁识故巢，旧人看新历。');
INSERT INTO `options` VALUES (725, 203, '临觞忽不御，惆怅远行客。');
INSERT INTO `options` VALUES (726, 204, '昔闻洞庭水，今上岳阳楼。');
INSERT INTO `options` VALUES (727, 204, '吴楚东南坼，乾坤日夜浮。');
INSERT INTO `options` VALUES (728, 204, '亲朋无一字，老病有孤舟。');
INSERT INTO `options` VALUES (729, 204, '戌马关山北，凭轩涕泗流。');
INSERT INTO `options` VALUES (730, 205, '岱宗夫如何？齐鲁青未了。');
INSERT INTO `options` VALUES (731, 205, '造化钟神秀，阴阳割昏晓。');
INSERT INTO `options` VALUES (732, 205, '荡胸生曾云，决眦入归鸟。');
INSERT INTO `options` VALUES (733, 205, '会当临绝顶，一览众山小。');
INSERT INTO `options` VALUES (734, 206, '丞相祠堂何处寻，锦官城外柏森森。');
INSERT INTO `options` VALUES (735, 206, '映阶碧草自春色，隔叶黄鹂空好音。');
INSERT INTO `options` VALUES (736, 206, '三顾频繁天下计，两朝开济老臣心。');
INSERT INTO `options` VALUES (737, 206, '出师未捷身先死，长使英雄泪满襟！');
INSERT INTO `options` VALUES (738, 207, '清江一曲抱村流，长夏江村事事悠。');
INSERT INTO `options` VALUES (739, 207, '自去自来梁上燕，相亲相近水中鸥。');
INSERT INTO `options` VALUES (740, 207, '老妻画纸为棋局，稚子敲针作钓钩。');
INSERT INTO `options` VALUES (741, 207, '但有故人供禄米，微躯此外更何求？');
INSERT INTO `options` VALUES (742, 208, '旅馆无良伴，凝情自悄然。');
INSERT INTO `options` VALUES (743, 208, '寒灯思旧事，断雁警愁眠。');
INSERT INTO `options` VALUES (744, 208, '远梦归浸晓，家书到隔年。');
INSERT INTO `options` VALUES (745, 208, '沧江好烟月，门系钓鱼船。');
INSERT INTO `options` VALUES (746, 209, '山下兰芽短浸溪，');
INSERT INTO `options` VALUES (747, 209, '松间沙路静无泥，');
INSERT INTO `options` VALUES (748, 209, '萧萧暮雨子规啼。');
INSERT INTO `options` VALUES (749, 209, '谁道人生无再少？');
INSERT INTO `options` VALUES (750, 210, '世味年来薄似沙，谁令骑马客京华？');
INSERT INTO `options` VALUES (751, 210, '小楼一夜听春雨，深巷明朝卖杏花。');
INSERT INTO `options` VALUES (752, 210, '矮纸斜行闲作草，晴窗细乳戏分茶。');
INSERT INTO `options` VALUES (753, 210, '素衣莫起风尘叹，犹及清明可到家。');
INSERT INTO `options` VALUES (754, 211, '莫笑农家腊酒浑，丰年留客足鸡豚。');
INSERT INTO `options` VALUES (755, 211, '山重水复疑无路，柳暗花明又一村。');
INSERT INTO `options` VALUES (756, 211, '萧鼓追随春社近，衣冠简朴古风存。');
INSERT INTO `options` VALUES (757, 211, '从今若许闲乘月，拄杖无时夜叩门。');
INSERT INTO `options` VALUES (758, 212, '茅檐低小，溪上青青草。');
INSERT INTO `options` VALUES (759, 212, '醉里吴音相媚好，白发谁家翁媪。');
INSERT INTO `options` VALUES (760, 212, '大儿锄豆溪东，中儿正织鸡茏。');
INSERT INTO `options` VALUES (761, 212, '最喜小儿亡赖，溪头卧剥莲蓬。');
INSERT INTO `options` VALUES (762, 213, '辛苦遭逢起一经，干戈寥落四周星。');
INSERT INTO `options` VALUES (763, 213, '山河破碎风飘絮，身世浮沉雨打苹。');
INSERT INTO `options` VALUES (764, 213, '惶恐滩头说惶恐，零丁洋里叹零丁。');
INSERT INTO `options` VALUES (765, 213, '人生自古谁无死？留取丹心照汗青。');
INSERT INTO `options` VALUES (766, 214, '候蛩凄断，人语西风岸。');
INSERT INTO `options` VALUES (767, 214, '月落沙平江似练，望尽芦花无雁。');
INSERT INTO `options` VALUES (768, 214, '黯教愁损兰成，可怜夜夜关情。');
INSERT INTO `options` VALUES (769, 214, '只有一枝梧叶，不知多少秋声。');
INSERT INTO `options` VALUES (770, 215, '慈母手中线，游子身上衣。');
INSERT INTO `options` VALUES (771, 215, '临行密密缝，意恐迟迟归。');
INSERT INTO `options` VALUES (772, 215, '谁言寸草心，报得三春辉。');
INSERT INTO `options` VALUES (773, 216, '单车欲问边，属国过居延。');
INSERT INTO `options` VALUES (774, 216, '征篷出汉塞，归雁入胡天。');
INSERT INTO `options` VALUES (775, 216, '大漠孤烟直，长河落日圆。');
INSERT INTO `options` VALUES (776, 216, '萧关逢候骑，都护在燕然。');
INSERT INTO `options` VALUES (777, 217, '爱子心无尽，归家喜及晨。');
INSERT INTO `options` VALUES (778, 217, '寒衣针线密，家信墨痕新。');
INSERT INTO `options` VALUES (779, 217, '见面怜清瘦，呼儿问苦辛。');
INSERT INTO `options` VALUES (780, 217, '低徊愧人子，不敢叹风尘。');
INSERT INTO `options` VALUES (781, 218, '城阙辅三秦，风烟望五津。');
INSERT INTO `options` VALUES (782, 218, '与君离别意，同是宦游人。');
INSERT INTO `options` VALUES (783, 218, '海内存知己，天涯若比邻。');
INSERT INTO `options` VALUES (784, 218, '无为在歧路，儿女共沾巾。');
INSERT INTO `options` VALUES (785, 219, '昔人已乘黄鹤去，此地空余黄鹤楼。');
INSERT INTO `options` VALUES (786, 219, '黄鹤一去不复返，白云千载空悠悠。');
INSERT INTO `options` VALUES (787, 219, '晴川历历汉阳树，芳草萋萋鹦鹉州。');
INSERT INTO `options` VALUES (788, 219, '日暮乡关何处是，烟波江上使人愁。');
INSERT INTO `options` VALUES (789, 220, '好雨知时节，当春乃发生。');
INSERT INTO `options` VALUES (790, 220, '随风潜入夜，润物细无声。');
INSERT INTO `options` VALUES (791, 220, '野茎云俱黑，江船火独明。');
INSERT INTO `options` VALUES (792, 220, '晓看红湿处，花重锦官城。');
INSERT INTO `options` VALUES (793, 221, '细草微风岸，危樯独夜舟。');
INSERT INTO `options` VALUES (794, 221, '星垂平野阔，月涌大江流。');
INSERT INTO `options` VALUES (795, 221, '名岂文章著，官应老病休。');
INSERT INTO `options` VALUES (796, 221, '飘飘何所以，天地一沙鸥。');
INSERT INTO `options` VALUES (797, 222, '历览前贤国与家，成由勤俭破由奢。');
INSERT INTO `options` VALUES (798, 222, '何需琥珀方为枕，岂得珍珠始是车。');
INSERT INTO `options` VALUES (799, 222, '运去不逢青海马，力穷难拔蜀山蛇。');
INSERT INTO `options` VALUES (800, 222, '几人曾预南薰曲，终古苍梧哭翠华。');
INSERT INTO `options` VALUES (801, 223, '粗缯大布裹生涯，腹有诗书气自华。');
INSERT INTO `options` VALUES (802, 223, '厌伴老孺烹瓠叶，强随举子踏槐花。');
INSERT INTO `options` VALUES (803, 223, '囊空不办寻春马，眼乱行看择婿车。');
INSERT INTO `options` VALUES (804, 223, '得意犹堪夸世俗，诏黄新湿字如鸦。');
INSERT INTO `options` VALUES (805, 224, '病骨支离纱帽宽，孤臣万里客江干。');
INSERT INTO `options` VALUES (806, 224, '位卑未敢忘忧国，事定犹须待阖棺。');
INSERT INTO `options` VALUES (807, 224, '天地神灵伏庙社，京华父老望和銮。');
INSERT INTO `options` VALUES (808, 224, '出师一表通今古，夜半挑灯更细看。');
INSERT INTO `options` VALUES (809, 225, '钟山风雨起苍黄，百万雄师过大江。');
INSERT INTO `options` VALUES (810, 225, '虎踞龙盘今胜昔，天翻地覆慨而慷。');
INSERT INTO `options` VALUES (811, 225, '宜将胜勇追穷寇，不可沽名学霸王。');
INSERT INTO `options` VALUES (812, 225, '天若有情天亦老，人间正道是沧桑。');

-- ----------------------------
-- Table structure for questions
-- ----------------------------
DROP TABLE IF EXISTS `questions`;
CREATE TABLE `questions`  (
  `question_id` int NOT NULL AUTO_INCREMENT,
  `content` varchar(500) CHARACTER SET utf8mb4 COLLATE utf8mb4_general_ci NULL DEFAULT NULL,
  `answer` int NULL DEFAULT NULL,
  PRIMARY KEY (`question_id`) USING BTREE
) ENGINE = InnoDB AUTO_INCREMENT = 226 CHARACTER SET = utf8mb4 COLLATE = utf8mb4_general_ci ROW_FORMAT = Dynamic;

-- ----------------------------
-- Records of questions
-- ----------------------------
INSERT INTO `questions` VALUES (1, '“无为有岐路, 儿女共沾襟”中哪一个字是错的?(  )', 3);
INSERT INTO `questions` VALUES (2, '“千门万户曈曈日, 总把新桃换旧符”中“新桃”是什么意思?(   )', 2);
INSERT INTO `questions` VALUES (3, '“商女不知亡国恨,隔江犹唱后庭花”中“国”是哪个朝代?(   )', 2);
INSERT INTO `questions` VALUES (4, '下列诗句, 哪一项是正确的?(   )', 3);
INSERT INTO `questions` VALUES (5, '苏东坡被贬岭南, 照样享受生活, 他有首诗写每天能吃到300颗水果, 请问这是什么水果?(   )', 2);
INSERT INTO `questions` VALUES (6, '李清照《如梦令》中“知否?知否?应该是绿肥红瘦”, 这里的“红瘦”是指什么花?(   )', 3);
INSERT INTO `questions` VALUES (7, '“白头搔更短, 混欲不胜簪”中的哪个字是错的?(   )', 2);
INSERT INTO `questions` VALUES (8, '从“故人西辞黄鹤楼”中“西辞”二字来看, 作者的朋友要往哪里去?(   )', 1);
INSERT INTO `questions` VALUES (9, '“一道残阳铺水中, 半江瑟瑟半江红”中“瑟瑟”是什么意思?(   )', 1);
INSERT INTO `questions` VALUES (10, '下列诗句, 哪一项是正确的?(   )', 2);
INSERT INTO `questions` VALUES (11, '请问“挥手自兹去, 萧萧班马鸣”中“班马”指什么?(   )', 2);
INSERT INTO `questions` VALUES (12, '李白《夜泊牛渚怀古》：“登舟望秋月, 空忆谢将军”中“谢将军”指的是谁?(   )', 2);
INSERT INTO `questions` VALUES (13, '秦观《鹊桥仙》( 纤云弄巧 )一词是围绕哪个民间故事展开的?(   )', 3);
INSERT INTO `questions` VALUES (14, '下列诗句, 哪一项是正确的?(   )', 3);
INSERT INTO `questions` VALUES (15, '白居易《问刘十九》诗有“绿蚁新醅酒, 红泥小火炉”句, 请问诗中的“绿蚁”指的是什么?(   )', 1);
INSERT INTO `questions` VALUES (16, '请问“穷年忧犁元, 叹息肠内热”中哪个字是错误的?(   )', 2);
INSERT INTO `questions` VALUES (17, '“青箬笠，绿蓑衣，斜风细雨不须归。”写的哪个季节？( )', 1);
INSERT INTO `questions` VALUES (18, '“江南好，风景旧曾谙。”中“谙”的意思是(  )。', 4);
INSERT INTO `questions` VALUES (19, '“相看两不厌，只有敬亭山。”“厌”的意思是( )。', 3);
INSERT INTO `questions` VALUES (20, '陆游诗“莫笑农家腊酒浑，丰年留客足鸡豚”中的“豚”是指( )。', 1);
INSERT INTO `questions` VALUES (21, '《题西林壁》中的“西林”属于今天哪个地方境内？(  )', 2);
INSERT INTO `questions` VALUES (22, '“不识庐山真面目，只缘身在此山中。”“缘”的意思是(  )。', 3);
INSERT INTO `questions` VALUES (23, '下列选项中号“东坡居士”的诗人是(  )。', 3);
INSERT INTO `questions` VALUES (24, '《题西林壁》是苏轼在哪一年游庐山时题的诗？(  )', 2);
INSERT INTO `questions` VALUES (25, '《题西林壁》中哪句诗直接说出了作者没有认清庐山真面目的原因？(  )', 4);
INSERT INTO `questions` VALUES (26, '《游山西村》中哪个字是贯穿全诗的主线？(  )', 1);
INSERT INTO `questions` VALUES (27, '下列哪首诗生动地描绘了丰收之年农村欢悦一片的气象和乡间的风光习俗？(  )', 3);
INSERT INTO `questions` VALUES (28, '“莫笑农家腊酒浑，丰年留客足鸡豚。”中那个字表达了农家款待客人时尽其所有的盛情。(  )', 4);
INSERT INTO `questions` VALUES (29, '下列哪句诗常用以形容陷入困境，似已无望，忽而绝处逢生，出现新的契机，增强克服困难的信心？(  )', 2);
INSERT INTO `questions` VALUES (30, '《过故人庄》是首什么题材的诗？(  )', 1);
INSERT INTO `questions` VALUES (31, '《游山西村》中的“山西村”属于现在哪个地方？(  )', 3);
INSERT INTO `questions` VALUES (32, '“横看成岭侧成峰，远近高底各不同”中哪个字错了？(  )', 4);
INSERT INTO `questions` VALUES (33, '下列哪首古诗不属于送别诗？(  )', 2);
INSERT INTO `questions` VALUES (34, '“劝君更尽一杯酒，西出阳关无故人”中哪个字表明酒已劝了多次,尽了多杯？(  )', 2);
INSERT INTO `questions` VALUES (35, '“劝君更尽一杯酒，西出阳关无故人”中的“阳关”在今(  )境内。', 1);
INSERT INTO `questions` VALUES (36, '古诗(  )是借分手在即时的劝酒来表达对友人的留恋、关切与祝福。', 4);
INSERT INTO `questions` VALUES (37, '“故人西辞黄鹤楼，烟花三月下扬州”中的“扬州”在今(  ) 境内。', 3);
INSERT INTO `questions` VALUES (38, '小李杜中的“杜”是指 ( )。', 4);
INSERT INTO `questions` VALUES (39, '“日出江花红胜火，春来落水绿如蓝，能不忆江南？”出自(  )。', 4);
INSERT INTO `questions` VALUES (40, '“浮天水送无穷树，带雨云埋一半山”是(  )的诗句。', 3);
INSERT INTO `questions` VALUES (41, '以下最能表达诗人和老朋友依依惜别的诗句是(  )。', 3);
INSERT INTO `questions` VALUES (42, '分别号称“诗仙”、“诗圣”、“诗鬼”的诗人是(  )。', 4);
INSERT INTO `questions` VALUES (43, '“松下问童子，言师采药去”是出自(  )一诗。', 1);
INSERT INTO `questions` VALUES (44, '“南朝四百八十寺，多少楼台烟雨中。”出自(  )一诗。', 4);
INSERT INTO `questions` VALUES (45, '“离离原上草，一岁一枯荣”是(  )的诗句。', 2);
INSERT INTO `questions` VALUES (46, '“童孙未解供耕织，也傍桑阴学种瓜。”中的“傍”的意思是( )。', 1);
INSERT INTO `questions` VALUES (47, '“春蚕到死丝方尽，蜡炬成灰泪始干。”出自(  )的《无题》。', 4);
INSERT INTO `questions` VALUES (48, '“莫愁前路无知己，天下谁人不识君？”中的“君”指的是(  )。', 1);
INSERT INTO `questions` VALUES (49, '“绿遍山原白满川，子规声里雨如烟。”中的“子规”指的是(  )。', 2);
INSERT INTO `questions` VALUES (50, '“乡村四月闲人少，才了蚕桑又插田。”中的“了”的意思是( )。', 1);
INSERT INTO `questions` VALUES (51, '“昼出云田夜绩麻，村庄儿女各当家。”中哪个字错了？( )', 2);
INSERT INTO `questions` VALUES (52, '与赵师秀、徐照、徐玑合称“永嘉四灵”的诗人是( )。', 4);
INSERT INTO `questions` VALUES (53, '与张耒、晁补之、秦观游学于苏轼门下，合称“苏门四学士”的诗人是(  )', 1);
INSERT INTO `questions` VALUES (54, '“春江潮水连海平，海上明月共潮生。”是(  )的诗句。', 2);
INSERT INTO `questions` VALUES (55, '下列表达了诗人对劳动人民的敬重之情的诗句是(  )。', 3);
INSERT INTO `questions` VALUES (56, '“凉风起天末，君子意如何。”中“君子”指的是(  )。', 3);
INSERT INTO `questions` VALUES (57, '与陆游、杨万里、尤袤全称“南宋四大家”的诗人是(  )。', 4);
INSERT INTO `questions` VALUES (58, '“几行红叶树，无数(  )山。”是王士禛的诗句。', 2);
INSERT INTO `questions` VALUES (59, '《山居秋暝》是一首( )诗。', 3);
INSERT INTO `questions` VALUES (60, '“故人西辞黄鹤楼，烟花三月下扬州”中“黄鹤楼”在今(  )境内。', 1);
INSERT INTO `questions` VALUES (61, '“千山鸟飞绝，万径人踪灭”是出自( )一诗。', 4);
INSERT INTO `questions` VALUES (62, '《过故人庄》中“青山郭外斜”的上一句是(  )。', 2);
INSERT INTO `questions` VALUES (63, '“西塞山前白鹭飞，桃花流水鲑鱼肥”中哪个字是错的？(  )', 4);
INSERT INTO `questions` VALUES (64, '下列不是关于田园乡村的诗句是(  )。', 1);
INSERT INTO `questions` VALUES (65, '“绿树村边合，青山郭外斜”是(  )的诗句。', 1);
INSERT INTO `questions` VALUES (66, '不属于苏轼所作的诗句是(  )。', 4);
INSERT INTO `questions` VALUES (67, '“文章不入昭明选，功业空为殷浩谋”中的“文章”指的是(  )。', 4);
INSERT INTO `questions` VALUES (68, '“采菊东篱下，悠然见南山”是(  )的诗句。', 1);
INSERT INTO `questions` VALUES (69, '“人闲桂花落，夜静春山空”选自古诗( )。', 3);
INSERT INTO `questions` VALUES (70, '下面对柳宗元《江雪》“千山鸟飞绝” 中“绝”的意思是( )。', 1);
INSERT INTO `questions` VALUES (71, '下列作品和诗人对应错误的一项是(  )。', 1);
INSERT INTO `questions` VALUES (72, '“独出前门望野田，月明荞麦花如雪”运用的修辞手法是(  )。', 3);
INSERT INTO `questions` VALUES (73, '“童孙未解供耕织，也傍桑阴学种瓜”中的“供”的意思是(  )。', 2);
INSERT INTO `questions` VALUES (74, '哪种事物没有出现在《惠崇春江晚景》这首诗里？(  )', 3);
INSERT INTO `questions` VALUES (75, '苏东坡被贬岭南,照样享受生活,他有首诗写每天能吃300颗水果,请问这是什么水果？( )', 2);
INSERT INTO `questions` VALUES (76, '陶渊明《饮酒》“飞鸟相与还”的上一句是 ( )。', 1);
INSERT INTO `questions` VALUES (77, '“又送王孙去，萋萋满别情”中的“王孙”这里是指( )。', 1);
INSERT INTO `questions` VALUES (78, '《独坐敬亭山》是李白秋游(  )时所作。', 2);
INSERT INTO `questions` VALUES (79, '“遥望洞庭山水翠，白银盘里一青螺”运用了(  )的修辞手法。', 4);
INSERT INTO `questions` VALUES (80, '诗人白居易离开杭州，回到洛阳以后怀念杭州时写了(  )首《忆江南》。', 3);
INSERT INTO `questions` VALUES (81, '下列哪项抒发了诗人因怀才不遇而产生孤独寂寞的感情？(  )', 4);
INSERT INTO `questions` VALUES (82, '对范成大的《四时田园杂兴》赏析不正确的是(  )。', 4);
INSERT INTO `questions` VALUES (83, '《望洞庭》中的“洞庭”在今(  )境内。', 2);
INSERT INTO `questions` VALUES (84, '“春江潮水连海平，海上明月共潮生。”是出自(  )一诗。', 4);
INSERT INTO `questions` VALUES (85, '下列古诗中，不属于王维的作品是(  )一诗。', 3);
INSERT INTO `questions` VALUES (86, '“故人具鸡黍，邀我至田家。”中“鸡黍”指的是(  ).', 3);
INSERT INTO `questions` VALUES (87, '“待到重阳日，还来就菊花。”中“重阳日”具体指农历的(  )。', 4);
INSERT INTO `questions` VALUES (88, '《题西林壁》是(  )的古诗。', 2);
INSERT INTO `questions` VALUES (89, '下列诗作，和《独坐敬亭山》为同一诗人的是(  )。', 1);
INSERT INTO `questions` VALUES (90, '“江南好，风景旧曾谙。”中“旧”的意思是(   )。', 3);
INSERT INTO `questions` VALUES (91, '被称为“古今隐逸诗人之宗”的是(   )。', 1);
INSERT INTO `questions` VALUES (92, '“射人先射马，擒贼先擒王。”是(  )的诗句。', 3);
INSERT INTO `questions` VALUES (93, '“千山鸟飞绝，万径人踪灭。”描写的季节是(  )。', 4);
INSERT INTO `questions` VALUES (94, '渭城朝雨浥轻尘，客舍(  )柳色新。', 2);
INSERT INTO `questions` VALUES (95, '“渭城朝雨浥清尘，客舍青青柳色新。”哪个字错了？(  )', 3);
INSERT INTO `questions` VALUES (96, '下列与夏天无关的诗句是(  )。', 4);
INSERT INTO `questions` VALUES (97, '“沾衣欲湿杏花雨，吹面不寒杨柳风。”是(  )的诗句。', 2);
INSERT INTO `questions` VALUES (98, '题壁诗是古代诗歌的瑰宝，历史悠久,始于(  )。', 1);
INSERT INTO `questions` VALUES (99, '“故人西辞黄鹤楼，烟花三月下扬州。”老朋友乘船要去的方向是(  )。', 1);
INSERT INTO `questions` VALUES (100, '“豚栅鸡栖半掩扉”的上一句是(  )。', 3);
INSERT INTO `questions` VALUES (101, '下列不是唐代诗人的是(  )。', 2);
INSERT INTO `questions` VALUES (102, '被世人称为“河东先生”的诗人是(  )。', 3);
INSERT INTO `questions` VALUES (103, '下列对这首诗解说有误的一项是( )。\n 凉州词 \n 王之涣 \n 黄河远上白云间，一片孤城万仞山。\n 羌笛何须怨杨柳，春风不度玉门关。', 1);
INSERT INTO `questions` VALUES (104, '选出对此诗理解不恰当的一项是( )。\n 乡村四月 \n 翁卷 \n 绿遍山原白满川，子规声里雨如烟。\n 乡村四月闲人少，才了蚕桑又插田。', 3);
INSERT INTO `questions` VALUES (105, '选出理解有误的一项是( )。\n 渭城曲 \n 渭城朝雨浥轻尘，客舍青青柳色新。\n 劝君更尽一杯酒，西出阳关无故人。', 1);
INSERT INTO `questions` VALUES (106, '选出解说有误的一项是( )。\n 惠崇《春江晚景》\n 苏轼 \n 竹外桃花三两枝，春江水暖鸭先知。\n 蒌蒿满地芦芽短，正是河豚欲上时。', 3);
INSERT INTO `questions` VALUES (107, '选出理解有误的一项是( )。 \n 望天门山 \n 李白 \n 天门中断楚江开，碧水东流至此回。 \n 两岸青山相对出，孤帆一片日边来。', 3);
INSERT INTO `questions` VALUES (108, '选出理解有误的一项是( )。\n 渔歌子 \n 西塞山前白鹭飞，桃花流水鳜鱼肥。\n 青箬笠，绿蓑衣，斜风细雨不须归。', 1);
INSERT INTO `questions` VALUES (109, '对辛弃疾《破阵子·陈同甫赋壮词以寄》的赏析，有误的一项是( )。', 3);
INSERT INTO `questions` VALUES (110, '对王昌龄《出塞》的赏析，有误的一项是( )', 4);
INSERT INTO `questions` VALUES (111, '对王安石《泊船瓜洲》的赏析，有误的一项是( )', 3);
INSERT INTO `questions` VALUES (112, '对下面一首诗赏析有误的是( )。\n 敕勒歌 \n 敕勒川，阴山下，天似穹庐，笼盖四野。\n 天苍苍，野茫茫，风吹草低见牛羊。', 1);
INSERT INTO `questions` VALUES (113, '下面一首诗赏析有误的是( )。\n 石灰吟 \n 于谦 \n 千锤万凿出深山，烈火焚烧若等闲。\n 粉骨碎身浑不怕，要留青白在人间。', 2);
INSERT INTO `questions` VALUES (114, '对苏轼《水调歌头·明月几时有》赏析有误的是( )', 3);
INSERT INTO `questions` VALUES (115, '对李白《行路难》赏析有误的一项是( )', 3);
INSERT INTO `questions` VALUES (116, '对王勃《送杜少府之任蜀州》的赏析有误的是( )', 1);
INSERT INTO `questions` VALUES (117, '对岑参《白雪歌送武判官归京》的赏析有误的一项是( )', 2);
INSERT INTO `questions` VALUES (118, '对杨万里《小池》这首诗歌赏析，不正确的一项是( )', 1);
INSERT INTO `questions` VALUES (119, '对苏轼《饮湖上初晴后雨》赏析有误的一项( )', 4);
INSERT INTO `questions` VALUES (120, '对白居易《钱塘江春行》歌赏析有误的一项是( )', 4);
INSERT INTO `questions` VALUES (121, '读杜甫《春望》，选出以下不恰当的项( )。', 4);
INSERT INTO `questions` VALUES (122, '读杜甫《春望》，选出以下不恰当的项( )。', 3);
INSERT INTO `questions` VALUES (123, '读文天祥《过零丁洋》，选出赏析不恰当的一项( )', 2);
INSERT INTO `questions` VALUES (124, '对陆游《游山西村》这首诗的赏析，不正确的一项是( )', 4);
INSERT INTO `questions` VALUES (125, '对刘禹锡《酬乐天扬州初逢席上见赠》的赏析，不正确的一项是( )', 3);
INSERT INTO `questions` VALUES (126, '“独坐幽篁里，弹琴复长啸”中“幽篁”的意思是(    )', 2);
INSERT INTO `questions` VALUES (127, '诗人王维的被称作什么(    )', 3);
INSERT INTO `questions` VALUES (128, '下列哪一首诗不是王维的代表作(    )', 1);
INSERT INTO `questions` VALUES (129, '下列哪位诗人评王维的诗是“诗中有画”(    )', 3);
INSERT INTO `questions` VALUES (130, '“深林人不知，明月来相照”中“相照”与诗中哪个词相应(    )', 1);
INSERT INTO `questions` VALUES (131, '“此夜曲中闻折柳，何人不起故园情”中“折柳”意思是(    )', 2);
INSERT INTO `questions` VALUES (132, '我国“折柳送行”的习俗最早见于哪里(    )', 1);
INSERT INTO `questions` VALUES (133, '《春夜洛城闻笛》诗的“关键”是？   (    )', 2);
INSERT INTO `questions` VALUES (134, '《春夜洛城闻笛》诗触发诗人故园之恋的句子是？   (    )', 3);
INSERT INTO `questions` VALUES (135, '“此夜曲中闻折柳，何人不起故园情”是李白客居哪里所作？(    )', 3);
INSERT INTO `questions` VALUES (136, '诗句“此夜曲中闻折柳，何人不起故园情”，可以看出是什么季节？(    )', 1);
INSERT INTO `questions` VALUES (137, '诗句“此夜曲中闻折柳，何人不起故园情”，诗人因什么而感发？(    )', 1);
INSERT INTO `questions` VALUES (138, '《逢入京使》中能体现军旅生活的是？(    )', 2);
INSERT INTO `questions` VALUES (139, '“故园东望路漫漫，双袖龙钟泪不干”中“龙钟”指的是？(    )', 2);
INSERT INTO `questions` VALUES (140, '“故园东望路漫漫，双袖龙钟泪不干”中“故园”指的是？(    )', 1);
INSERT INTO `questions` VALUES (141, '诗句“草树知春不久归，百般红紫斗芳菲”写的是什么时节？(    )', 1);
INSERT INTO `questions` VALUES (142, '杨万里被人称为什么？  (    )', 2);
INSERT INTO `questions` VALUES (143, '“黄梅时节家家雨，青草池塘处处蛙”中“黄梅时节”指的是？(    )', 2);
INSERT INTO `questions` VALUES (144, '“黄梅时节家家雨，青草池塘处处蛙”是从哪些角度写的(    )', 3);
INSERT INTO `questions` VALUES (145, '“永嘉四灵”包括徐照、徐玑、翁卷和下列哪一位诗人(    )', 2);
INSERT INTO `questions` VALUES (146, '“此夜曲中闻折柳，何人不起故园情”出自于哪一首诗(    )', 3);
INSERT INTO `questions` VALUES (147, '韩愈《晚春》运用了什么手法来写？(    )', 3);
INSERT INTO `questions` VALUES (148, '诗句“杨花榆荚无才思，惟解漫天作雪飞”中的“榆荚”是指(    )', 3);
INSERT INTO `questions` VALUES (149, '出自于“雄兔脚扑朔，雌兔眼迷离；双兔傍地走，安能辨我是雄雌”的成语是(    ) ）', 1);
INSERT INTO `questions` VALUES (150, '《木兰诗》是哪个朝代的北方乐府民歌(    )', 2);
INSERT INTO `questions` VALUES (151, '“双兔傍地走”中“走”，与下列哪个词中的“走”意思一样(    )', 1);
INSERT INTO `questions` VALUES (152, '“问女何所思，问女何所忆”中“忆”指的是(    )', 3);
INSERT INTO `questions` VALUES (153, '下列书写正确的一项是？(    )', 2);
INSERT INTO `questions` VALUES (154, '下列哪一项是战国时燕昭王为招纳天下贤士所建？(    )', 2);
INSERT INTO `questions` VALUES (155, '诗句“前不见古人，后不见来者”中“古人”是指(    )', 3);
INSERT INTO `questions` VALUES (156, '“造化钟神秀，阴阳割昏晓”中“造化”是指(    )', 1);
INSERT INTO `questions` VALUES (157, '诗句“三顾频烦天下计，两朝开济老臣心”指的是谁？(    )', 1);
INSERT INTO `questions` VALUES (158, '李颀“行人刁斗风沙船，公主琵琶幽怨多”中的“刁斗”是指什么？(    )', 3);
INSERT INTO `questions` VALUES (159, '“出师一表真名世，千载谁堪伯仲间”是下列哪位诗人对诸葛亮的称赞？(   )', 1);
INSERT INTO `questions` VALUES (160, '“八月湖水平，涵虚混太清”中“太清”是指什么？(    )', 2);
INSERT INTO `questions` VALUES (161, '《望洞庭湖赠张丞相》一诗中，描写洞庭湖的名句是？(    )', 2);
INSERT INTO `questions` VALUES (162, '“焉得谖草言树之背。”中“谖草”是指什么(    )', 3);
INSERT INTO `questions` VALUES (163, '“伯兮碣兮，邦之桀兮。”中哪个字是错的？(    )', 1);
INSERT INTO `questions` VALUES (164, '古院落由外而内的次序是什么？  (    )', 2);
INSERT INTO `questions` VALUES (165, '诗句“惟解漫天作雪飞”的上句是(    )', 2);
INSERT INTO `questions` VALUES (166, '下列诗句没有写到眼泪一项是？   (    )', 3);
INSERT INTO `questions` VALUES (167, '陆游《游山西村》描写的是什么时候的风光习俗(    )', 1);
INSERT INTO `questions` VALUES (168, '《游山西村》中“山西村”是指(    )', 1);
INSERT INTO `questions` VALUES (169, '“莫笑农家腊酒浑，丰年留客足鸡豚”中哪个字既体现了丰收的年景，又表达了农家人的热情淳朴(    )', 3);
INSERT INTO `questions` VALUES (170, '《望岳》中有诗句：“岱宗夫如何齐鲁青未了”可以看出这里的“岳”指的是(   )', 2);
INSERT INTO `questions` VALUES (171, '“莫笑农家腊酒浑，丰年留客足鸡豚”中“豚”是什么意思(    )', 3);
INSERT INTO `questions` VALUES (172, '王翰的《凉州词》“醉卧沙场君莫笑，古来征战几人回”和《木兰诗》中哪一句很相似(    )', 1);
INSERT INTO `questions` VALUES (173, '“双兔傍地走，安能辨我是雄雌”出自于哪里(    )', 2);
INSERT INTO `questions` VALUES (174, '“南宋四大家”包括陆游、尤袤、范成大和下列哪位诗人？(    )', 1);
INSERT INTO `questions` VALUES (175, '“宣室求贤访逐臣，贾生才调更无伦”中“逐臣”指的是(    )', 3);
INSERT INTO `questions` VALUES (176, '下列被周振甫和冀勤编著《 <谈艺录 >读本》中作为“宋人诗作而有唐音者”的例子是哪一首诗(    )', 1);
INSERT INTO `questions` VALUES (177, '下列与《孔雀东南飞》在中国文学史上合称为“乐府双壁”的一项是(    )', 2);
INSERT INTO `questions` VALUES (178, '辛弃疾《青玉案元夕》描写的是我国哪一个传统节日(  )', 3);
INSERT INTO `questions` VALUES (179, '“造化钟神秀，阴阳割昏晓”中“阴”的意思是(    )', 3);
INSERT INTO `questions` VALUES (180, '“造化钟神秀，阴阳割昏晓”中“阳”的意思是(    )', 2);
INSERT INTO `questions` VALUES (181, '辛弃疾《青玉案 元夕》中“青玉案”是什么？(    )', 1);
INSERT INTO `questions` VALUES (182, '最能体现诗人希望攀登绝顶，俯视一切的雄心壮志的诗句是？(    )', 3);
INSERT INTO `questions` VALUES (183, '“商女不知亡国恨，隔江犹唱后庭花”出自于哪一首诗(    )', 2);
INSERT INTO `questions` VALUES (184, '“箫鼓追随春社近，衣冠简朴古风存”中提到了最为古老的中国传统民俗节日之一是(    )', 2);
INSERT INTO `questions` VALUES (185, '下列诗句正确的是(    )', 3);
INSERT INTO `questions` VALUES (186, '“齐鲁青未了”的上一句是(    )', 1);
INSERT INTO `questions` VALUES (187, '“爷娘闻女来，出郭相扶将”中“郭”的意思是什么(    )', 3);
INSERT INTO `questions` VALUES (188, '“丽宇芳林对高阁，新妆艳质本倾城”化用汉朝李延年的哪句诗(    )', 2);
INSERT INTO `questions` VALUES (189, '下列哪句诗是反用陆游的“零落成泥碾作尘，只有香如故”(    )', 2);
INSERT INTO `questions` VALUES (190, '下列歌咏泰山的诗篇中，被誉为咏泰山之绝唱的是哪一首？(    )', 3);
INSERT INTO `questions` VALUES (191, '“从今若许闲乘月”的下一句是什么(    )', 1);
INSERT INTO `questions` VALUES (192, '李商隐的《贾生》指的是(    )', 3);
INSERT INTO `questions` VALUES (193, '“昨夜风兼雨，帘帷飒飒秋声”中哪一个字是错的(    )', 2);
INSERT INTO `questions` VALUES (194, '“世事漫随流水，算来一梦浮生”中“漫”的意思是什么(    )', 1);
INSERT INTO `questions` VALUES (195, '“列圣仁恩深雨露，中兴摄令疾风雷”中哪一个字是错的(    )', 2);
INSERT INTO `questions` VALUES (196, '下列诗句中，有错别字的一项是 (       )', 2);
INSERT INTO `questions` VALUES (197, '下列诗句中，有错别字的一项是 (       )', 3);
INSERT INTO `questions` VALUES (198, '下列诗句中，有错别字的一项是 (       )', 3);
INSERT INTO `questions` VALUES (199, '下列诗句中，有错别字的一项是 (       )', 4);
INSERT INTO `questions` VALUES (200, '下列诗句中，有错别字的一项是 (       )', 4);
INSERT INTO `questions` VALUES (201, '下列诗句中，有错别字的一项是 (       )', 2);
INSERT INTO `questions` VALUES (202, '下列诗句中，有错别字的一项是 (       )', 1);
INSERT INTO `questions` VALUES (203, '下列诗句中，有错别字的一项是 (       )', 3);
INSERT INTO `questions` VALUES (204, '下列诗句中，有错别字的一项是 (       )', 4);
INSERT INTO `questions` VALUES (205, '下列诗句中，有错别字的一项是 (       )', 4);
INSERT INTO `questions` VALUES (206, '下列诗句中，有错别字的一项是 (       )', 3);
INSERT INTO `questions` VALUES (207, '下列诗句中，有错别字的一项是 (       )', 1);
INSERT INTO `questions` VALUES (208, '下列诗句中，有错别字的一项是 (       )', 3);
INSERT INTO `questions` VALUES (209, '下列诗句中，有错别字的一项是 (       )', 2);
INSERT INTO `questions` VALUES (210, '下列诗句中，有错别字的一项是 (       )', 1);
INSERT INTO `questions` VALUES (211, '下列诗句中，有错别字的一项是 (       )', 3);
INSERT INTO `questions` VALUES (212, '下列诗句中，有错别字的一项是 (       )', 3);
INSERT INTO `questions` VALUES (213, '下列诗句中，有错别字的一项是 (       )', 2);
INSERT INTO `questions` VALUES (214, '下列诗句中，有错别字的一项是 (       )', 3);
INSERT INTO `questions` VALUES (215, '下列诗句中，有错别字的一项是 (       )', 3);
INSERT INTO `questions` VALUES (216, '下列诗句中，有错别字的一项是 (       )', 2);
INSERT INTO `questions` VALUES (217, '下列诗句中，有错别字的一项是 (       )', 1);
INSERT INTO `questions` VALUES (218, '下列诗句中，有错别字的一项是 (       )', 4);
INSERT INTO `questions` VALUES (219, '下列诗句中，有错别字的一项是 (       )', 3);
INSERT INTO `questions` VALUES (220, '下列诗句中，有错别字的一项是 (       )', 3);
INSERT INTO `questions` VALUES (221, '下列诗句中，有错别字的一项是 (       )', 4);
INSERT INTO `questions` VALUES (222, '下列诗句中，有错别字的一项是 (       )', 2);
INSERT INTO `questions` VALUES (223, '下列诗句中，有错别字的一项是 (    )', 2);
INSERT INTO `questions` VALUES (224, '下列诗句中，有错别字的一项是 (       )', 3);
INSERT INTO `questions` VALUES (225, '下列诗句中，有错别字的一项是 (       )', 3);

-- ----------------------------
-- Table structure for users
-- ----------------------------
DROP TABLE IF EXISTS `users`;
CREATE TABLE `users`  (
  `user_id` int NOT NULL AUTO_INCREMENT,
  `username` varchar(255) CHARACTER SET utf8mb4 COLLATE utf8mb4_general_ci NOT NULL,
  `password` varchar(255) CHARACTER SET utf8mb4 COLLATE utf8mb4_general_ci NOT NULL,
  `model` int NOT NULL,
  PRIMARY KEY (`user_id`) USING BTREE,
  UNIQUE INDEX `username`(`username` ASC) USING BTREE
) ENGINE = InnoDB AUTO_INCREMENT = 5 CHARACTER SET = utf8mb4 COLLATE = utf8mb4_general_ci ROW_FORMAT = Dynamic;

-- ----------------------------
-- Records of users
-- ----------------------------
INSERT INTO `users` VALUES (1, 'newuser', '$2a$10$x5xfqMXBn9v.6ukuIHG9vePxn76Mb.4ydtNDTFYBv.gn7KVBjfYOC', 1);
INSERT INTO `users` VALUES (3, 'Alice', '$2a$10$5YErnaf.56jWyt48FvETC.5vqeY3bfhkaVu1ybsRZG0vC2v9eyUOq', 1);
INSERT INTO `users` VALUES (4, 'Bob', '$2a$10$E17dP4PuvEjp.76P1gbE6e/uYcs3Af4SpAH/cGGX0sSxqISl00hOu', 1);

-- ----------------------------
-- Table structure for answers
-- ----------------------------
DROP TABLE IF EXISTS `answers`;
CREATE TABLE `answers` (
  `id` int NOT NULL AUTO_INCREMENT,
  `user_id` int NOT NULL,
  `question_id` int NOT NULL,
  `correct` tinyint(1) DEFAULT NULL,
  `answer_date` datetime NOT NULL,
	`review_times` int DEFAULT 0,
  PRIMARY KEY (`id`) USING BTREE,
  KEY `user_id` (`user_id`) USING BTREE,
  KEY `question_id` (`question_id`) USING BTREE,
  CONSTRAINT `wrong_answers_ibfk_1` FOREIGN KEY (`user_id`) REFERENCES `users` (`user_id`) ON DELETE RESTRICT ON UPDATE RESTRICT,
  CONSTRAINT `wrong_answers_ibfk_2` FOREIGN KEY (`question_id`) REFERENCES `questions` (`question_id`) ON DELETE RESTRICT ON UPDATE RESTRICT
) ENGINE=InnoDB AUTO_INCREMENT=17 DEFAULT CHARSET=utf8mb4 COLLATE=utf8mb4_general_ci ROW_FORMAT=DYNAMIC;

SET FOREIGN_KEY_CHECKS = 1;
