/*
 Navicat Premium Data Transfer

 Source Server         : 127.0.0.1
 Source Server Type    : MySQL
 Source Server Version : 80029 (8.0.29)
 Source Host           : localhost:3306
 Source Schema         : poetry

 Target Server Type    : MySQL
 Target Server Version : 80029 (8.0.29)
 File Encoding         : 65001

 Date: 15/06/2024 11:31:45
*/

SET NAMES utf8mb4;
SET FOREIGN_KEY_CHECKS = 0;

-- ----------------------------
-- Table structure for answers
-- ----------------------------
DROP TABLE IF EXISTS `answers`;
CREATE TABLE `answers`  (
  `id` bigint NOT NULL AUTO_INCREMENT,
  `user_id` bigint NULL DEFAULT NULL,
  `question_id` bigint NULL DEFAULT NULL,
  `correct` tinyint(1) NULL DEFAULT NULL,
  `answer_date` datetime NOT NULL,
  `review_times` bigint NULL DEFAULT NULL,
  PRIMARY KEY (`id`) USING BTREE,
  INDEX `user_id`(`user_id` ASC) USING BTREE,
  INDEX `question_id`(`question_id` ASC) USING BTREE
) ENGINE = InnoDB AUTO_INCREMENT = 28 CHARACTER SET = utf8mb4 COLLATE = utf8mb4_general_ci ROW_FORMAT = DYNAMIC;

-- ----------------------------
-- Records of answers
-- ----------------------------
INSERT INTO `answers` VALUES (17, 3, 79, 115, '2024-05-28 16:06:34', 13);
INSERT INTO `answers` VALUES (18, 3, 130, 12, '2024-05-28 16:14:58', 8);
INSERT INTO `answers` VALUES (19, 3, 57, 92, '2024-05-28 16:15:00', 8);
INSERT INTO `answers` VALUES (20, 1, 214, 97, '2024-05-28 15:44:51', 6);
INSERT INTO `answers` VALUES (21, 1, 171, 56, '2024-06-12 13:18:06', 4);
INSERT INTO `answers` VALUES (22, 3, 174, 104, '2024-05-28 16:14:52', 7);
INSERT INTO `answers` VALUES (23, 4, 111, 19, '2017-08-23 20:26:53', 7);
INSERT INTO `answers` VALUES (24, 4, 2, 10, '2024-03-31 04:40:07', 2);
INSERT INTO `answers` VALUES (25, 4, 18, 38, '2022-04-08 22:26:35', 5);
INSERT INTO `answers` VALUES (26, 3, 80, 77, '2024-05-28 16:14:56', 8);
INSERT INTO `answers` VALUES (27, 5, 9, 0, '2024-06-15 10:55:29', 3);

-- ----------------------------
-- Table structure for contest_results
-- ----------------------------
DROP TABLE IF EXISTS `contest_results`;
CREATE TABLE `contest_results`  (
  `id` bigint NOT NULL AUTO_INCREMENT,
  `user1_id` bigint NULL DEFAULT NULL,
  `user2_id` bigint NULL DEFAULT NULL,
  `score1` bigint NULL DEFAULT NULL,
  `score2` bigint NULL DEFAULT NULL,
  `contest_date` datetime NOT NULL,
  PRIMARY KEY (`id`) USING BTREE,
  INDEX `user1_id`(`user1_id` ASC) USING BTREE,
  INDEX `user2_id`(`user2_id` ASC) USING BTREE
) ENGINE = InnoDB AUTO_INCREMENT = 1010 CHARACTER SET = utf8mb4 COLLATE = utf8mb4_general_ci ROW_FORMAT = DYNAMIC;

-- ----------------------------
-- Records of contest_results
-- ----------------------------
INSERT INTO `contest_results` VALUES (9, 4, 1, 5, 2, '2024-05-17 04:02:41');
INSERT INTO `contest_results` VALUES (10, 1, 3, 2, 6, '2024-05-06 01:12:12');
INSERT INTO `contest_results` VALUES (11, 3, 4, 5, 7, '2024-05-10 02:05:36');
INSERT INTO `contest_results` VALUES (12, 3, 1, 1, 9, '2024-05-14 08:43:36');
INSERT INTO `contest_results` VALUES (13, 4, 3, 7, 6, '2024-05-04 23:42:39');
INSERT INTO `contest_results` VALUES (14, 4, 1, 7, 5, '2024-05-12 00:15:25');
INSERT INTO `contest_results` VALUES (15, 3, 3, 5, 8, '2024-05-04 00:34:41');
INSERT INTO `contest_results` VALUES (16, 3, 3, 1, 6, '2024-05-07 11:31:56');
INSERT INTO `contest_results` VALUES (17, 4, 4, 3, 8, '2024-05-09 15:22:57');
INSERT INTO `contest_results` VALUES (18, 4, 4, 1, 3, '2024-05-16 23:35:22');
INSERT INTO `contest_results` VALUES (19, 4, 4, 4, 9, '2024-05-14 19:09:09');
INSERT INTO `contest_results` VALUES (20, 1, 1, 2, 3, '2024-05-20 05:48:56');
INSERT INTO `contest_results` VALUES (21, 4, 4, 0, 7, '2024-05-15 09:55:35');
INSERT INTO `contest_results` VALUES (22, 3, 3, 2, 8, '2024-05-16 21:34:30');
INSERT INTO `contest_results` VALUES (23, 4, 4, 3, 0, '2024-05-19 06:30:23');
INSERT INTO `contest_results` VALUES (24, 3, 3, 7, 4, '2024-05-14 17:16:55');
INSERT INTO `contest_results` VALUES (25, 3, 3, 8, 8, '2024-05-04 18:11:30');
INSERT INTO `contest_results` VALUES (26, 3, 3, 0, 7, '2024-05-06 17:30:36');
INSERT INTO `contest_results` VALUES (27, 3, 3, 2, 3, '2024-05-10 21:09:33');
INSERT INTO `contest_results` VALUES (28, 3, 3, 6, 8, '2024-05-20 02:57:45');
INSERT INTO `contest_results` VALUES (29, 4, 4, 8, 3, '2024-05-02 13:29:38');
INSERT INTO `contest_results` VALUES (30, 1, 1, 3, 7, '2024-05-08 21:09:01');
INSERT INTO `contest_results` VALUES (31, 4, 4, 2, 0, '2024-05-04 03:02:20');
INSERT INTO `contest_results` VALUES (32, 4, 4, 3, 9, '2024-05-07 12:05:03');
INSERT INTO `contest_results` VALUES (33, 4, 4, 9, 8, '2024-05-06 10:40:41');
INSERT INTO `contest_results` VALUES (34, 4, 4, 6, 4, '2024-05-20 07:45:41');
INSERT INTO `contest_results` VALUES (35, 1, 1, 3, 2, '2024-05-18 05:43:59');
INSERT INTO `contest_results` VALUES (36, 4, 4, 0, 1, '2024-05-08 23:11:59');
INSERT INTO `contest_results` VALUES (37, 3, 3, 1, 3, '2024-05-08 12:39:41');
INSERT INTO `contest_results` VALUES (38, 4, 4, 1, 3, '2024-05-04 02:44:58');
INSERT INTO `contest_results` VALUES (39, 4, 4, 4, 3, '2024-05-18 20:00:51');
INSERT INTO `contest_results` VALUES (40, 3, 3, 5, 3, '2024-05-20 14:52:45');
INSERT INTO `contest_results` VALUES (41, 3, 3, 3, 5, '2024-05-13 09:14:07');
INSERT INTO `contest_results` VALUES (42, 4, 4, 4, 6, '2024-05-03 12:56:41');
INSERT INTO `contest_results` VALUES (43, 1, 1, 5, 7, '2024-05-11 01:01:04');
INSERT INTO `contest_results` VALUES (44, 1, 1, 7, 9, '2024-05-07 18:59:30');
INSERT INTO `contest_results` VALUES (45, 3, 3, 3, 9, '2024-05-03 20:27:32');
INSERT INTO `contest_results` VALUES (46, 3, 3, 3, 6, '2024-05-18 08:13:11');
INSERT INTO `contest_results` VALUES (47, 1, 1, 1, 6, '2024-05-19 02:18:24');
INSERT INTO `contest_results` VALUES (48, 4, 4, 5, 5, '2024-05-20 13:44:04');
INSERT INTO `contest_results` VALUES (49, 3, 3, 6, 5, '2024-05-07 14:43:00');
INSERT INTO `contest_results` VALUES (50, 1, 1, 1, 4, '2024-05-11 04:15:34');
INSERT INTO `contest_results` VALUES (51, 4, 4, 2, 3, '2024-05-17 21:04:56');
INSERT INTO `contest_results` VALUES (52, 3, 3, 6, 0, '2024-05-15 12:35:31');
INSERT INTO `contest_results` VALUES (53, 4, 4, 2, 7, '2024-05-20 00:16:37');
INSERT INTO `contest_results` VALUES (54, 3, 3, 1, 3, '2024-05-02 23:29:12');
INSERT INTO `contest_results` VALUES (55, 3, 3, 3, 9, '2024-05-16 15:28:07');
INSERT INTO `contest_results` VALUES (56, 4, 4, 8, 8, '2024-05-13 00:53:53');
INSERT INTO `contest_results` VALUES (57, 3, 3, 3, 5, '2024-05-12 04:32:51');
INSERT INTO `contest_results` VALUES (58, 1, 1, 5, 9, '2024-05-16 07:25:02');
INSERT INTO `contest_results` VALUES (59, 1, 1, 9, 6, '2024-05-03 04:51:20');
INSERT INTO `contest_results` VALUES (60, 4, 4, 7, 3, '2024-05-20 05:32:12');
INSERT INTO `contest_results` VALUES (61, 1, 1, 2, 0, '2024-05-08 02:39:00');
INSERT INTO `contest_results` VALUES (62, 4, 4, 7, 0, '2024-05-07 11:36:55');
INSERT INTO `contest_results` VALUES (63, 3, 3, 5, 8, '2024-05-09 16:13:31');
INSERT INTO `contest_results` VALUES (64, 1, 1, 1, 1, '2024-05-20 03:37:00');
INSERT INTO `contest_results` VALUES (65, 1, 1, 1, 3, '2024-05-03 09:02:01');
INSERT INTO `contest_results` VALUES (66, 1, 1, 1, 7, '2024-05-15 10:28:06');
INSERT INTO `contest_results` VALUES (67, 3, 3, 8, 6, '2024-05-15 00:25:52');
INSERT INTO `contest_results` VALUES (68, 4, 4, 6, 4, '2024-05-15 07:51:11');
INSERT INTO `contest_results` VALUES (69, 1, 1, 4, 5, '2024-05-04 06:52:16');
INSERT INTO `contest_results` VALUES (70, 4, 4, 9, 2, '2024-05-13 04:15:11');
INSERT INTO `contest_results` VALUES (71, 3, 3, 6, 9, '2024-05-02 23:39:53');
INSERT INTO `contest_results` VALUES (72, 3, 3, 3, 6, '2024-05-04 06:34:31');
INSERT INTO `contest_results` VALUES (73, 3, 3, 4, 6, '2024-05-17 03:10:51');
INSERT INTO `contest_results` VALUES (74, 3, 3, 6, 3, '2024-05-14 14:12:49');
INSERT INTO `contest_results` VALUES (75, 3, 3, 5, 4, '2024-05-08 21:29:54');
INSERT INTO `contest_results` VALUES (76, 4, 4, 8, 5, '2024-05-05 11:42:33');
INSERT INTO `contest_results` VALUES (77, 1, 1, 5, 7, '2024-05-20 17:16:33');
INSERT INTO `contest_results` VALUES (78, 3, 3, 5, 7, '2024-05-13 15:55:38');
INSERT INTO `contest_results` VALUES (79, 3, 3, 6, 7, '2024-05-09 12:13:29');
INSERT INTO `contest_results` VALUES (80, 3, 3, 9, 4, '2024-05-03 11:48:24');
INSERT INTO `contest_results` VALUES (81, 4, 4, 5, 1, '2024-05-09 08:22:01');
INSERT INTO `contest_results` VALUES (82, 3, 3, 2, 2, '2024-05-20 01:05:53');
INSERT INTO `contest_results` VALUES (83, 4, 4, 1, 3, '2024-05-03 19:46:51');
INSERT INTO `contest_results` VALUES (84, 4, 4, 0, 7, '2024-05-16 06:47:00');
INSERT INTO `contest_results` VALUES (85, 4, 4, 2, 2, '2024-05-03 20:54:23');
INSERT INTO `contest_results` VALUES (86, 1, 1, 4, 8, '2024-05-06 08:46:53');
INSERT INTO `contest_results` VALUES (87, 4, 4, 2, 5, '2024-05-03 13:10:57');
INSERT INTO `contest_results` VALUES (88, 1, 1, 4, 5, '2024-05-17 18:46:49');
INSERT INTO `contest_results` VALUES (89, 4, 4, 8, 6, '2024-05-17 13:09:59');
INSERT INTO `contest_results` VALUES (90, 3, 3, 6, 7, '2024-05-03 12:51:06');
INSERT INTO `contest_results` VALUES (91, 3, 3, 4, 2, '2024-05-11 03:18:15');
INSERT INTO `contest_results` VALUES (92, 1, 1, 5, 7, '2024-05-04 17:00:28');
INSERT INTO `contest_results` VALUES (93, 4, 4, 8, 1, '2024-05-02 12:49:39');
INSERT INTO `contest_results` VALUES (94, 4, 4, 1, 3, '2024-05-11 07:40:44');
INSERT INTO `contest_results` VALUES (95, 3, 3, 7, 5, '2024-05-04 12:58:29');
INSERT INTO `contest_results` VALUES (96, 3, 3, 5, 7, '2024-05-05 00:59:56');
INSERT INTO `contest_results` VALUES (97, 4, 4, 7, 5, '2024-05-20 14:15:26');
INSERT INTO `contest_results` VALUES (98, 3, 3, 4, 6, '2024-05-10 20:41:20');
INSERT INTO `contest_results` VALUES (99, 1, 1, 1, 3, '2024-05-05 02:24:03');
INSERT INTO `contest_results` VALUES (100, 4, 4, 1, 7, '2024-05-13 17:17:01');
INSERT INTO `contest_results` VALUES (101, 4, 4, 0, 7, '2024-05-04 20:29:58');
INSERT INTO `contest_results` VALUES (102, 3, 3, 4, 7, '2024-05-08 20:29:54');
INSERT INTO `contest_results` VALUES (103, 3, 3, 8, 7, '2024-05-16 16:56:33');
INSERT INTO `contest_results` VALUES (104, 1, 1, 8, 5, '2024-05-16 01:26:56');
INSERT INTO `contest_results` VALUES (105, 1, 1, 3, 1, '2024-05-20 16:15:52');
INSERT INTO `contest_results` VALUES (106, 4, 4, 2, 5, '2024-05-05 21:44:46');
INSERT INTO `contest_results` VALUES (107, 3, 3, 1, 6, '2024-05-07 11:31:45');
INSERT INTO `contest_results` VALUES (108, 1, 1, 2, 5, '2024-05-17 05:59:11');
INSERT INTO `contest_results` VALUES (109, 4, 4, 5, 4, '2024-05-20 12:27:26');
INSERT INTO `contest_results` VALUES (110, 1, 1, 2, 1, '2024-05-09 16:58:06');
INSERT INTO `contest_results` VALUES (111, 1, 1, 8, 3, '2024-05-13 03:00:29');
INSERT INTO `contest_results` VALUES (112, 3, 3, 2, 8, '2024-05-05 11:02:54');
INSERT INTO `contest_results` VALUES (113, 4, 4, 4, 0, '2024-05-12 12:52:43');
INSERT INTO `contest_results` VALUES (114, 4, 4, 7, 2, '2024-05-03 15:46:29');
INSERT INTO `contest_results` VALUES (115, 3, 3, 6, 1, '2024-05-03 11:31:16');
INSERT INTO `contest_results` VALUES (116, 4, 4, 6, 5, '2024-05-12 04:44:55');
INSERT INTO `contest_results` VALUES (117, 3, 3, 3, 8, '2024-05-20 13:02:08');
INSERT INTO `contest_results` VALUES (118, 4, 4, 8, 7, '2024-05-13 17:38:47');
INSERT INTO `contest_results` VALUES (119, 3, 3, 7, 4, '2024-05-11 11:17:11');
INSERT INTO `contest_results` VALUES (120, 4, 4, 8, 1, '2024-05-10 06:46:22');
INSERT INTO `contest_results` VALUES (121, 1, 1, 3, 6, '2024-05-10 20:25:05');
INSERT INTO `contest_results` VALUES (122, 3, 3, 4, 6, '2024-05-12 01:06:43');
INSERT INTO `contest_results` VALUES (123, 4, 4, 9, 4, '2024-05-05 23:28:04');
INSERT INTO `contest_results` VALUES (124, 4, 4, 6, 3, '2024-05-18 19:05:31');
INSERT INTO `contest_results` VALUES (125, 1, 1, 5, 0, '2024-05-10 15:31:45');
INSERT INTO `contest_results` VALUES (126, 1, 1, 8, 1, '2024-05-09 15:37:29');
INSERT INTO `contest_results` VALUES (127, 1, 1, 6, 8, '2024-05-14 00:44:42');
INSERT INTO `contest_results` VALUES (128, 4, 4, 6, 9, '2024-05-18 21:20:05');
INSERT INTO `contest_results` VALUES (129, 3, 3, 5, 2, '2024-05-12 22:34:14');
INSERT INTO `contest_results` VALUES (130, 4, 4, 5, 6, '2024-05-15 12:33:17');
INSERT INTO `contest_results` VALUES (131, 4, 4, 3, 6, '2024-05-18 14:34:51');
INSERT INTO `contest_results` VALUES (132, 1, 1, 8, 6, '2024-05-15 23:33:51');
INSERT INTO `contest_results` VALUES (133, 4, 4, 5, 3, '2024-05-08 13:56:34');
INSERT INTO `contest_results` VALUES (134, 3, 3, 5, 2, '2024-05-09 16:48:05');
INSERT INTO `contest_results` VALUES (135, 3, 3, 7, 6, '2024-05-15 23:56:14');
INSERT INTO `contest_results` VALUES (136, 4, 4, 3, 5, '2024-05-20 12:42:11');
INSERT INTO `contest_results` VALUES (137, 1, 1, 6, 8, '2024-05-13 01:23:37');
INSERT INTO `contest_results` VALUES (138, 3, 3, 5, 8, '2024-05-09 18:23:40');
INSERT INTO `contest_results` VALUES (139, 3, 3, 8, 4, '2024-05-07 12:39:26');
INSERT INTO `contest_results` VALUES (140, 3, 3, 8, 4, '2024-05-06 18:21:42');
INSERT INTO `contest_results` VALUES (141, 3, 3, 1, 3, '2024-05-17 05:03:45');
INSERT INTO `contest_results` VALUES (142, 3, 3, 4, 4, '2024-05-10 00:36:52');
INSERT INTO `contest_results` VALUES (143, 1, 1, 1, 4, '2024-05-02 05:16:22');
INSERT INTO `contest_results` VALUES (144, 4, 4, 1, 6, '2024-05-16 01:12:47');
INSERT INTO `contest_results` VALUES (145, 3, 3, 7, 5, '2024-05-11 14:37:11');
INSERT INTO `contest_results` VALUES (146, 4, 4, 8, 0, '2024-05-20 06:44:44');
INSERT INTO `contest_results` VALUES (147, 3, 3, 7, 1, '2024-05-12 21:43:59');
INSERT INTO `contest_results` VALUES (148, 4, 4, 2, 3, '2024-05-17 06:20:12');
INSERT INTO `contest_results` VALUES (149, 3, 3, 0, 2, '2024-05-08 22:18:34');
INSERT INTO `contest_results` VALUES (150, 4, 4, 8, 6, '2024-05-12 11:59:33');
INSERT INTO `contest_results` VALUES (151, 1, 1, 7, 0, '2024-05-12 01:48:02');
INSERT INTO `contest_results` VALUES (152, 3, 3, 5, 6, '2024-05-19 07:39:46');
INSERT INTO `contest_results` VALUES (153, 4, 4, 3, 6, '2024-05-04 05:30:39');
INSERT INTO `contest_results` VALUES (154, 3, 3, 8, 1, '2024-05-18 17:23:36');
INSERT INTO `contest_results` VALUES (155, 3, 3, 1, 2, '2024-05-16 13:12:07');
INSERT INTO `contest_results` VALUES (156, 3, 3, 6, 6, '2024-05-07 18:08:16');
INSERT INTO `contest_results` VALUES (157, 3, 3, 4, 1, '2024-05-18 19:02:18');
INSERT INTO `contest_results` VALUES (158, 3, 3, 6, 1, '2024-05-17 11:44:28');
INSERT INTO `contest_results` VALUES (159, 4, 4, 6, 9, '2024-05-03 21:16:38');
INSERT INTO `contest_results` VALUES (160, 1, 1, 7, 7, '2024-05-11 19:09:38');
INSERT INTO `contest_results` VALUES (161, 4, 4, 7, 8, '2024-05-20 17:21:32');
INSERT INTO `contest_results` VALUES (162, 4, 4, 7, 8, '2024-05-05 06:35:47');
INSERT INTO `contest_results` VALUES (163, 3, 3, 3, 8, '2024-05-08 11:38:17');
INSERT INTO `contest_results` VALUES (164, 1, 1, 2, 1, '2024-05-04 23:04:55');
INSERT INTO `contest_results` VALUES (165, 1, 1, 4, 8, '2024-05-20 13:35:13');
INSERT INTO `contest_results` VALUES (166, 1, 1, 3, 4, '2024-05-20 07:06:39');
INSERT INTO `contest_results` VALUES (167, 3, 3, 3, 1, '2024-05-04 03:22:24');
INSERT INTO `contest_results` VALUES (168, 3, 3, 4, 0, '2024-05-03 08:27:53');
INSERT INTO `contest_results` VALUES (169, 1, 1, 3, 4, '2024-05-07 18:46:51');
INSERT INTO `contest_results` VALUES (170, 4, 4, 8, 4, '2024-05-14 06:48:29');
INSERT INTO `contest_results` VALUES (171, 4, 4, 8, 3, '2024-05-19 04:00:15');
INSERT INTO `contest_results` VALUES (172, 3, 3, 1, 1, '2024-05-19 12:34:15');
INSERT INTO `contest_results` VALUES (173, 3, 3, 2, 5, '2024-05-18 05:19:20');
INSERT INTO `contest_results` VALUES (174, 3, 3, 6, 5, '2024-05-13 05:59:05');
INSERT INTO `contest_results` VALUES (175, 4, 4, 2, 4, '2024-05-13 09:04:42');
INSERT INTO `contest_results` VALUES (176, 4, 4, 3, 7, '2024-05-05 19:26:56');
INSERT INTO `contest_results` VALUES (177, 4, 4, 4, 7, '2024-05-18 14:50:17');
INSERT INTO `contest_results` VALUES (178, 4, 4, 2, 5, '2024-05-10 13:30:52');
INSERT INTO `contest_results` VALUES (179, 4, 4, 7, 5, '2024-05-20 16:15:04');
INSERT INTO `contest_results` VALUES (180, 3, 3, 8, 6, '2024-05-09 17:37:39');
INSERT INTO `contest_results` VALUES (181, 3, 3, 1, 4, '2024-05-17 09:54:32');
INSERT INTO `contest_results` VALUES (182, 4, 4, 1, 9, '2024-05-14 09:13:40');
INSERT INTO `contest_results` VALUES (183, 3, 3, 6, 4, '2024-05-05 11:23:36');
INSERT INTO `contest_results` VALUES (184, 3, 3, 7, 8, '2024-05-10 21:26:27');
INSERT INTO `contest_results` VALUES (185, 1, 1, 5, 2, '2024-05-07 01:33:19');
INSERT INTO `contest_results` VALUES (186, 1, 1, 7, 8, '2024-05-12 05:14:39');
INSERT INTO `contest_results` VALUES (187, 4, 4, 3, 1, '2024-05-07 16:17:58');
INSERT INTO `contest_results` VALUES (188, 4, 4, 5, 4, '2024-05-05 22:57:14');
INSERT INTO `contest_results` VALUES (189, 1, 1, 4, 7, '2024-05-04 10:13:53');
INSERT INTO `contest_results` VALUES (190, 4, 4, 3, 6, '2024-05-13 10:30:50');
INSERT INTO `contest_results` VALUES (191, 1, 1, 1, 1, '2024-05-07 11:17:33');
INSERT INTO `contest_results` VALUES (192, 3, 3, 0, 7, '2024-05-06 06:49:22');
INSERT INTO `contest_results` VALUES (193, 1, 1, 8, 1, '2024-05-03 01:16:07');
INSERT INTO `contest_results` VALUES (194, 4, 4, 8, 3, '2024-05-19 05:25:54');
INSERT INTO `contest_results` VALUES (195, 3, 3, 7, 7, '2024-05-06 02:17:43');
INSERT INTO `contest_results` VALUES (196, 4, 4, 5, 3, '2024-05-10 05:28:38');
INSERT INTO `contest_results` VALUES (197, 4, 4, 1, 3, '2024-05-10 20:00:27');
INSERT INTO `contest_results` VALUES (198, 3, 3, 1, 6, '2024-05-14 00:09:11');
INSERT INTO `contest_results` VALUES (199, 1, 1, 8, 5, '2024-05-03 22:45:08');
INSERT INTO `contest_results` VALUES (200, 3, 3, 2, 9, '2024-05-20 23:32:27');
INSERT INTO `contest_results` VALUES (201, 4, 4, 8, 2, '2024-05-17 02:07:07');
INSERT INTO `contest_results` VALUES (202, 1, 1, 1, 1, '2024-05-02 16:56:01');
INSERT INTO `contest_results` VALUES (203, 4, 4, 2, 6, '2024-05-06 14:34:14');
INSERT INTO `contest_results` VALUES (204, 4, 4, 8, 8, '2024-05-18 10:46:15');
INSERT INTO `contest_results` VALUES (205, 3, 3, 7, 9, '2024-05-09 07:12:34');
INSERT INTO `contest_results` VALUES (206, 3, 3, 2, 1, '2024-05-19 21:25:32');
INSERT INTO `contest_results` VALUES (207, 4, 4, 3, 4, '2024-05-08 21:02:18');
INSERT INTO `contest_results` VALUES (208, 4, 4, 7, 6, '2024-05-14 12:04:00');
INSERT INTO `contest_results` VALUES (209, 4, 4, 1, 2, '2024-05-14 12:09:35');
INSERT INTO `contest_results` VALUES (210, 4, 4, 1, 0, '2024-05-10 02:08:00');
INSERT INTO `contest_results` VALUES (211, 4, 4, 6, 6, '2024-05-19 19:47:27');
INSERT INTO `contest_results` VALUES (212, 3, 3, 7, 6, '2024-05-03 10:20:24');
INSERT INTO `contest_results` VALUES (213, 3, 3, 5, 3, '2024-05-12 12:45:36');
INSERT INTO `contest_results` VALUES (214, 3, 3, 6, 7, '2024-05-13 03:31:51');
INSERT INTO `contest_results` VALUES (215, 1, 1, 5, 2, '2024-05-14 09:31:24');
INSERT INTO `contest_results` VALUES (216, 3, 3, 6, 4, '2024-05-11 20:58:48');
INSERT INTO `contest_results` VALUES (217, 1, 1, 5, 6, '2024-05-05 23:54:40');
INSERT INTO `contest_results` VALUES (218, 4, 4, 3, 7, '2024-05-15 12:52:11');
INSERT INTO `contest_results` VALUES (219, 4, 4, 6, 6, '2024-05-05 02:04:47');
INSERT INTO `contest_results` VALUES (220, 1, 1, 4, 6, '2024-05-16 18:13:40');
INSERT INTO `contest_results` VALUES (221, 4, 4, 9, 8, '2024-05-05 17:12:50');
INSERT INTO `contest_results` VALUES (222, 4, 4, 2, 2, '2024-05-16 00:30:42');
INSERT INTO `contest_results` VALUES (223, 3, 3, 1, 0, '2024-05-12 21:25:43');
INSERT INTO `contest_results` VALUES (224, 3, 3, 1, 6, '2024-05-14 15:16:05');
INSERT INTO `contest_results` VALUES (225, 1, 1, 1, 8, '2024-05-05 02:39:58');
INSERT INTO `contest_results` VALUES (226, 4, 4, 8, 3, '2024-05-19 22:23:03');
INSERT INTO `contest_results` VALUES (227, 4, 4, 4, 6, '2024-05-16 01:46:15');
INSERT INTO `contest_results` VALUES (228, 1, 1, 5, 9, '2024-05-16 01:38:58');
INSERT INTO `contest_results` VALUES (229, 3, 3, 0, 6, '2024-05-02 03:14:22');
INSERT INTO `contest_results` VALUES (230, 3, 3, 1, 1, '2024-05-20 08:07:40');
INSERT INTO `contest_results` VALUES (231, 4, 4, 2, 4, '2024-05-12 07:50:00');
INSERT INTO `contest_results` VALUES (232, 3, 3, 1, 1, '2024-05-06 02:05:27');
INSERT INTO `contest_results` VALUES (233, 4, 4, 0, 7, '2024-05-08 07:54:16');
INSERT INTO `contest_results` VALUES (234, 4, 4, 3, 1, '2024-05-04 06:38:58');
INSERT INTO `contest_results` VALUES (235, 4, 4, 3, 4, '2024-05-09 21:50:03');
INSERT INTO `contest_results` VALUES (236, 4, 4, 6, 6, '2024-05-06 15:20:08');
INSERT INTO `contest_results` VALUES (237, 1, 1, 6, 3, '2024-05-08 07:15:35');
INSERT INTO `contest_results` VALUES (238, 3, 3, 5, 4, '2024-05-16 13:59:53');
INSERT INTO `contest_results` VALUES (239, 4, 4, 2, 8, '2024-05-02 08:48:51');
INSERT INTO `contest_results` VALUES (240, 1, 1, 3, 0, '2024-05-02 23:23:10');
INSERT INTO `contest_results` VALUES (241, 1, 1, 6, 2, '2024-05-08 21:57:12');
INSERT INTO `contest_results` VALUES (242, 1, 1, 8, 4, '2024-05-03 02:28:34');
INSERT INTO `contest_results` VALUES (243, 1, 1, 6, 5, '2024-05-02 15:25:18');
INSERT INTO `contest_results` VALUES (244, 4, 4, 3, 1, '2024-05-12 10:22:44');
INSERT INTO `contest_results` VALUES (245, 4, 4, 5, 3, '2024-05-03 07:22:29');
INSERT INTO `contest_results` VALUES (246, 4, 4, 8, 3, '2024-05-19 15:30:22');
INSERT INTO `contest_results` VALUES (247, 1, 1, 1, 5, '2024-05-11 14:31:15');
INSERT INTO `contest_results` VALUES (248, 3, 3, 3, 2, '2024-05-19 10:24:17');
INSERT INTO `contest_results` VALUES (249, 1, 1, 3, 1, '2024-05-20 05:38:25');
INSERT INTO `contest_results` VALUES (250, 3, 3, 8, 8, '2024-05-17 12:30:10');
INSERT INTO `contest_results` VALUES (251, 1, 1, 1, 4, '2024-05-12 12:07:49');
INSERT INTO `contest_results` VALUES (252, 3, 3, 0, 7, '2024-05-08 18:12:41');
INSERT INTO `contest_results` VALUES (253, 3, 3, 5, 4, '2024-05-09 21:53:59');
INSERT INTO `contest_results` VALUES (254, 1, 1, 1, 0, '2024-05-12 09:11:02');
INSERT INTO `contest_results` VALUES (255, 3, 3, 8, 7, '2024-05-06 19:16:50');
INSERT INTO `contest_results` VALUES (256, 1, 1, 7, 6, '2024-05-20 06:50:17');
INSERT INTO `contest_results` VALUES (257, 1, 1, 3, 2, '2024-05-11 05:27:21');
INSERT INTO `contest_results` VALUES (258, 4, 4, 4, 2, '2024-05-11 12:57:49');
INSERT INTO `contest_results` VALUES (259, 1, 1, 9, 0, '2024-05-20 14:24:18');
INSERT INTO `contest_results` VALUES (260, 4, 4, 5, 7, '2024-05-08 12:29:02');
INSERT INTO `contest_results` VALUES (261, 3, 3, 9, 8, '2024-05-07 21:29:14');
INSERT INTO `contest_results` VALUES (262, 3, 3, 8, 3, '2024-05-06 09:30:31');
INSERT INTO `contest_results` VALUES (263, 3, 3, 2, 8, '2024-05-19 06:44:35');
INSERT INTO `contest_results` VALUES (264, 4, 4, 7, 7, '2024-05-11 19:14:46');
INSERT INTO `contest_results` VALUES (265, 4, 4, 9, 4, '2024-05-12 05:51:22');
INSERT INTO `contest_results` VALUES (266, 1, 1, 4, 1, '2024-05-20 02:28:39');
INSERT INTO `contest_results` VALUES (267, 4, 4, 5, 7, '2024-05-02 08:28:33');
INSERT INTO `contest_results` VALUES (268, 3, 3, 4, 7, '2024-05-13 16:53:09');
INSERT INTO `contest_results` VALUES (269, 3, 3, 2, 2, '2024-05-06 19:54:51');
INSERT INTO `contest_results` VALUES (270, 1, 1, 3, 8, '2024-05-09 01:43:08');
INSERT INTO `contest_results` VALUES (271, 1, 1, 8, 4, '2024-05-06 18:38:12');
INSERT INTO `contest_results` VALUES (272, 1, 1, 7, 4, '2024-05-05 11:34:23');
INSERT INTO `contest_results` VALUES (273, 4, 4, 0, 6, '2024-05-18 05:35:21');
INSERT INTO `contest_results` VALUES (274, 1, 1, 1, 9, '2024-05-02 03:55:18');
INSERT INTO `contest_results` VALUES (275, 1, 1, 5, 2, '2024-05-12 13:21:59');
INSERT INTO `contest_results` VALUES (276, 4, 4, 7, 3, '2024-05-06 12:23:12');
INSERT INTO `contest_results` VALUES (277, 4, 4, 2, 1, '2024-05-13 02:28:41');
INSERT INTO `contest_results` VALUES (278, 3, 3, 9, 1, '2024-05-19 07:37:32');
INSERT INTO `contest_results` VALUES (279, 3, 3, 3, 0, '2024-05-18 10:33:26');
INSERT INTO `contest_results` VALUES (280, 1, 1, 8, 6, '2024-05-10 05:36:37');
INSERT INTO `contest_results` VALUES (281, 3, 3, 7, 9, '2024-05-18 10:12:16');
INSERT INTO `contest_results` VALUES (282, 3, 3, 6, 4, '2024-05-07 12:19:31');
INSERT INTO `contest_results` VALUES (283, 1, 1, 2, 3, '2024-05-14 10:30:24');
INSERT INTO `contest_results` VALUES (284, 3, 3, 6, 6, '2024-05-12 04:07:38');
INSERT INTO `contest_results` VALUES (285, 4, 4, 0, 8, '2024-05-17 18:12:04');
INSERT INTO `contest_results` VALUES (286, 1, 1, 4, 8, '2024-05-17 12:48:57');
INSERT INTO `contest_results` VALUES (287, 4, 4, 2, 3, '2024-05-08 17:13:49');
INSERT INTO `contest_results` VALUES (288, 4, 4, 3, 6, '2024-05-20 02:33:41');
INSERT INTO `contest_results` VALUES (289, 1, 1, 4, 0, '2024-05-18 12:51:03');
INSERT INTO `contest_results` VALUES (290, 1, 1, 4, 3, '2024-05-06 04:27:39');
INSERT INTO `contest_results` VALUES (291, 4, 4, 2, 2, '2024-05-13 08:12:07');
INSERT INTO `contest_results` VALUES (292, 4, 4, 1, 8, '2024-05-11 21:51:43');
INSERT INTO `contest_results` VALUES (293, 1, 1, 9, 4, '2024-05-10 03:28:08');
INSERT INTO `contest_results` VALUES (294, 1, 1, 7, 2, '2024-05-20 04:41:34');
INSERT INTO `contest_results` VALUES (295, 3, 3, 4, 6, '2024-05-05 14:54:32');
INSERT INTO `contest_results` VALUES (296, 1, 1, 3, 0, '2024-05-03 05:22:41');
INSERT INTO `contest_results` VALUES (297, 4, 4, 9, 4, '2024-05-04 03:13:10');
INSERT INTO `contest_results` VALUES (298, 3, 3, 4, 7, '2024-05-06 20:46:33');
INSERT INTO `contest_results` VALUES (299, 3, 3, 7, 1, '2024-05-19 05:22:24');
INSERT INTO `contest_results` VALUES (300, 4, 4, 8, 2, '2024-05-18 11:20:50');
INSERT INTO `contest_results` VALUES (301, 4, 4, 2, 9, '2024-05-04 00:32:20');
INSERT INTO `contest_results` VALUES (302, 3, 3, 2, 5, '2024-05-19 11:42:04');
INSERT INTO `contest_results` VALUES (303, 4, 4, 7, 3, '2024-05-13 17:10:58');
INSERT INTO `contest_results` VALUES (304, 4, 4, 1, 6, '2024-05-13 13:51:59');
INSERT INTO `contest_results` VALUES (305, 4, 4, 5, 0, '2024-05-07 14:51:03');
INSERT INTO `contest_results` VALUES (306, 3, 3, 4, 6, '2024-05-04 08:16:11');
INSERT INTO `contest_results` VALUES (307, 4, 4, 5, 1, '2024-05-07 02:01:36');
INSERT INTO `contest_results` VALUES (308, 1, 1, 0, 9, '2024-05-10 15:21:52');
INSERT INTO `contest_results` VALUES (309, 4, 4, 8, 3, '2024-05-09 06:40:06');
INSERT INTO `contest_results` VALUES (310, 3, 3, 5, 3, '2024-05-02 12:19:12');
INSERT INTO `contest_results` VALUES (311, 4, 4, 3, 5, '2024-05-07 22:01:41');
INSERT INTO `contest_results` VALUES (312, 4, 4, 3, 3, '2024-05-17 01:29:12');
INSERT INTO `contest_results` VALUES (313, 1, 1, 2, 2, '2024-05-15 16:55:32');
INSERT INTO `contest_results` VALUES (314, 1, 1, 6, 7, '2024-05-08 03:02:31');
INSERT INTO `contest_results` VALUES (315, 3, 3, 1, 5, '2024-05-09 08:59:23');
INSERT INTO `contest_results` VALUES (316, 3, 3, 5, 5, '2024-05-05 15:02:40');
INSERT INTO `contest_results` VALUES (317, 3, 3, 8, 5, '2024-05-18 18:25:05');
INSERT INTO `contest_results` VALUES (318, 3, 3, 4, 2, '2024-05-19 00:33:17');
INSERT INTO `contest_results` VALUES (319, 3, 3, 3, 1, '2024-05-15 03:56:16');
INSERT INTO `contest_results` VALUES (320, 3, 3, 5, 0, '2024-05-17 21:21:46');
INSERT INTO `contest_results` VALUES (321, 3, 3, 5, 1, '2024-05-19 05:41:18');
INSERT INTO `contest_results` VALUES (322, 1, 1, 8, 6, '2024-05-20 08:31:27');
INSERT INTO `contest_results` VALUES (323, 4, 4, 4, 6, '2024-05-19 21:30:59');
INSERT INTO `contest_results` VALUES (324, 4, 4, 7, 1, '2024-05-07 04:23:32');
INSERT INTO `contest_results` VALUES (325, 4, 4, 5, 5, '2024-05-19 02:22:20');
INSERT INTO `contest_results` VALUES (326, 1, 1, 5, 5, '2024-05-08 11:00:05');
INSERT INTO `contest_results` VALUES (327, 1, 1, 7, 4, '2024-05-05 15:21:10');
INSERT INTO `contest_results` VALUES (328, 1, 1, 2, 6, '2024-05-13 10:25:45');
INSERT INTO `contest_results` VALUES (329, 1, 1, 8, 5, '2024-05-10 06:19:28');
INSERT INTO `contest_results` VALUES (330, 1, 1, 8, 8, '2024-05-05 03:47:12');
INSERT INTO `contest_results` VALUES (331, 4, 4, 7, 7, '2024-05-17 18:19:20');
INSERT INTO `contest_results` VALUES (332, 1, 1, 7, 3, '2024-05-15 03:57:57');
INSERT INTO `contest_results` VALUES (333, 1, 1, 3, 5, '2024-05-11 16:45:40');
INSERT INTO `contest_results` VALUES (334, 4, 4, 1, 9, '2024-05-04 22:42:34');
INSERT INTO `contest_results` VALUES (335, 4, 4, 7, 7, '2024-05-08 21:13:22');
INSERT INTO `contest_results` VALUES (336, 3, 3, 5, 8, '2024-05-02 01:06:13');
INSERT INTO `contest_results` VALUES (337, 1, 1, 5, 8, '2024-05-11 08:11:47');
INSERT INTO `contest_results` VALUES (338, 3, 3, 2, 4, '2024-05-19 10:48:15');
INSERT INTO `contest_results` VALUES (339, 3, 3, 5, 1, '2024-05-20 04:57:45');
INSERT INTO `contest_results` VALUES (340, 4, 4, 8, 9, '2024-05-18 13:44:44');
INSERT INTO `contest_results` VALUES (341, 3, 3, 2, 3, '2024-05-04 16:54:25');
INSERT INTO `contest_results` VALUES (342, 4, 4, 5, 6, '2024-05-08 07:33:11');
INSERT INTO `contest_results` VALUES (343, 3, 3, 6, 3, '2024-05-04 18:51:17');
INSERT INTO `contest_results` VALUES (344, 1, 1, 4, 8, '2024-05-17 11:12:13');
INSERT INTO `contest_results` VALUES (345, 1, 1, 5, 2, '2024-05-04 10:18:17');
INSERT INTO `contest_results` VALUES (346, 1, 1, 1, 1, '2024-05-13 12:14:19');
INSERT INTO `contest_results` VALUES (347, 3, 3, 1, 7, '2024-05-19 15:20:18');
INSERT INTO `contest_results` VALUES (348, 1, 1, 5, 7, '2024-05-14 13:37:54');
INSERT INTO `contest_results` VALUES (349, 1, 1, 2, 2, '2024-05-17 00:04:36');
INSERT INTO `contest_results` VALUES (350, 4, 4, 9, 6, '2024-05-16 21:03:14');
INSERT INTO `contest_results` VALUES (351, 3, 3, 9, 2, '2024-05-06 03:43:52');
INSERT INTO `contest_results` VALUES (352, 4, 4, 6, 8, '2024-05-02 13:25:54');
INSERT INTO `contest_results` VALUES (353, 3, 3, 3, 3, '2024-05-11 17:26:34');
INSERT INTO `contest_results` VALUES (354, 1, 1, 1, 7, '2024-05-09 05:49:48');
INSERT INTO `contest_results` VALUES (355, 4, 4, 5, 2, '2024-05-03 04:32:29');
INSERT INTO `contest_results` VALUES (356, 4, 4, 8, 6, '2024-05-12 09:33:46');
INSERT INTO `contest_results` VALUES (357, 3, 3, 5, 7, '2024-05-03 15:43:07');
INSERT INTO `contest_results` VALUES (358, 1, 1, 5, 5, '2024-05-18 13:01:00');
INSERT INTO `contest_results` VALUES (359, 4, 4, 1, 1, '2024-05-20 02:58:05');
INSERT INTO `contest_results` VALUES (360, 3, 3, 7, 1, '2024-05-07 15:15:07');
INSERT INTO `contest_results` VALUES (361, 4, 4, 2, 8, '2024-05-11 01:44:52');
INSERT INTO `contest_results` VALUES (362, 4, 4, 2, 3, '2024-05-19 07:24:06');
INSERT INTO `contest_results` VALUES (363, 4, 4, 1, 7, '2024-05-11 07:55:43');
INSERT INTO `contest_results` VALUES (364, 4, 4, 8, 3, '2024-05-20 00:18:07');
INSERT INTO `contest_results` VALUES (365, 4, 4, 5, 2, '2024-05-19 17:14:18');
INSERT INTO `contest_results` VALUES (366, 3, 3, 9, 9, '2024-05-06 16:10:04');
INSERT INTO `contest_results` VALUES (367, 1, 1, 4, 6, '2024-05-12 15:56:44');
INSERT INTO `contest_results` VALUES (368, 3, 3, 2, 4, '2024-05-16 23:32:12');
INSERT INTO `contest_results` VALUES (369, 4, 4, 0, 5, '2024-05-06 03:48:15');
INSERT INTO `contest_results` VALUES (370, 4, 4, 7, 7, '2024-05-11 02:06:11');
INSERT INTO `contest_results` VALUES (371, 1, 1, 9, 2, '2024-05-04 10:19:08');
INSERT INTO `contest_results` VALUES (372, 1, 1, 5, 2, '2024-05-14 22:38:43');
INSERT INTO `contest_results` VALUES (373, 3, 3, 5, 3, '2024-05-04 02:12:22');
INSERT INTO `contest_results` VALUES (374, 1, 1, 8, 1, '2024-05-18 21:35:27');
INSERT INTO `contest_results` VALUES (375, 1, 1, 1, 3, '2024-05-02 00:03:13');
INSERT INTO `contest_results` VALUES (376, 3, 3, 4, 0, '2024-05-03 15:48:12');
INSERT INTO `contest_results` VALUES (377, 4, 4, 1, 5, '2024-05-15 20:26:09');
INSERT INTO `contest_results` VALUES (378, 4, 4, 3, 3, '2024-05-08 15:36:47');
INSERT INTO `contest_results` VALUES (379, 1, 1, 0, 9, '2024-05-11 00:12:45');
INSERT INTO `contest_results` VALUES (380, 4, 4, 7, 6, '2024-05-14 09:09:56');
INSERT INTO `contest_results` VALUES (381, 3, 3, 8, 9, '2024-05-19 02:32:39');
INSERT INTO `contest_results` VALUES (382, 3, 3, 4, 5, '2024-05-02 23:28:32');
INSERT INTO `contest_results` VALUES (383, 4, 4, 2, 7, '2024-05-05 02:58:32');
INSERT INTO `contest_results` VALUES (384, 4, 4, 7, 8, '2024-05-04 03:31:49');
INSERT INTO `contest_results` VALUES (385, 1, 1, 0, 1, '2024-05-11 15:09:17');
INSERT INTO `contest_results` VALUES (386, 1, 1, 4, 2, '2024-05-10 23:28:15');
INSERT INTO `contest_results` VALUES (387, 1, 1, 2, 5, '2024-05-17 23:30:49');
INSERT INTO `contest_results` VALUES (388, 4, 4, 8, 9, '2024-05-06 17:24:44');
INSERT INTO `contest_results` VALUES (389, 1, 1, 4, 5, '2024-05-03 01:52:20');
INSERT INTO `contest_results` VALUES (390, 1, 1, 6, 1, '2024-05-18 21:57:11');
INSERT INTO `contest_results` VALUES (391, 1, 1, 6, 1, '2024-05-07 14:06:28');
INSERT INTO `contest_results` VALUES (392, 3, 3, 7, 6, '2024-05-10 12:41:01');
INSERT INTO `contest_results` VALUES (393, 1, 1, 4, 2, '2024-05-16 11:24:37');
INSERT INTO `contest_results` VALUES (394, 4, 4, 0, 5, '2024-05-12 15:28:37');
INSERT INTO `contest_results` VALUES (395, 3, 3, 0, 3, '2024-05-17 11:18:44');
INSERT INTO `contest_results` VALUES (396, 1, 1, 0, 8, '2024-05-05 07:02:03');
INSERT INTO `contest_results` VALUES (397, 4, 4, 2, 1, '2024-05-19 05:44:46');
INSERT INTO `contest_results` VALUES (398, 1, 1, 3, 1, '2024-05-18 18:33:38');
INSERT INTO `contest_results` VALUES (399, 3, 3, 2, 8, '2024-05-06 03:49:18');
INSERT INTO `contest_results` VALUES (400, 4, 4, 2, 7, '2024-05-06 06:50:21');
INSERT INTO `contest_results` VALUES (401, 1, 1, 7, 7, '2024-05-08 18:54:25');
INSERT INTO `contest_results` VALUES (402, 3, 3, 7, 1, '2024-05-02 21:19:05');
INSERT INTO `contest_results` VALUES (403, 1, 1, 2, 5, '2024-05-11 06:24:19');
INSERT INTO `contest_results` VALUES (404, 3, 3, 1, 1, '2024-05-20 14:01:03');
INSERT INTO `contest_results` VALUES (405, 4, 4, 9, 0, '2024-05-17 02:39:46');
INSERT INTO `contest_results` VALUES (406, 4, 4, 6, 2, '2024-05-05 20:51:58');
INSERT INTO `contest_results` VALUES (407, 3, 3, 9, 3, '2024-05-14 10:30:34');
INSERT INTO `contest_results` VALUES (408, 4, 4, 5, 4, '2024-05-17 03:17:58');
INSERT INTO `contest_results` VALUES (409, 1, 1, 0, 8, '2024-05-20 09:34:47');
INSERT INTO `contest_results` VALUES (410, 3, 3, 1, 1, '2024-05-11 06:31:32');
INSERT INTO `contest_results` VALUES (411, 1, 1, 3, 2, '2024-05-20 22:16:45');
INSERT INTO `contest_results` VALUES (412, 4, 4, 8, 5, '2024-05-16 05:56:16');
INSERT INTO `contest_results` VALUES (413, 3, 3, 6, 1, '2024-05-18 01:15:46');
INSERT INTO `contest_results` VALUES (414, 1, 1, 7, 1, '2024-05-03 18:52:19');
INSERT INTO `contest_results` VALUES (415, 4, 4, 4, 2, '2024-05-09 19:57:46');
INSERT INTO `contest_results` VALUES (416, 3, 3, 0, 9, '2024-05-05 08:53:58');
INSERT INTO `contest_results` VALUES (417, 1, 1, 8, 3, '2024-05-09 07:15:41');
INSERT INTO `contest_results` VALUES (418, 4, 4, 5, 4, '2024-05-06 19:10:25');
INSERT INTO `contest_results` VALUES (419, 1, 1, 7, 8, '2024-05-03 05:26:30');
INSERT INTO `contest_results` VALUES (420, 1, 1, 5, 1, '2024-05-12 11:52:17');
INSERT INTO `contest_results` VALUES (421, 3, 3, 2, 3, '2024-05-03 03:09:35');
INSERT INTO `contest_results` VALUES (422, 1, 1, 6, 4, '2024-05-11 17:17:45');
INSERT INTO `contest_results` VALUES (423, 1, 1, 6, 4, '2024-05-03 21:42:20');
INSERT INTO `contest_results` VALUES (424, 3, 3, 7, 6, '2024-05-02 19:29:53');
INSERT INTO `contest_results` VALUES (425, 1, 1, 5, 9, '2024-05-03 22:29:23');
INSERT INTO `contest_results` VALUES (426, 3, 3, 4, 4, '2024-05-20 22:48:54');
INSERT INTO `contest_results` VALUES (427, 1, 1, 6, 4, '2024-05-15 15:41:18');
INSERT INTO `contest_results` VALUES (428, 3, 3, 8, 9, '2024-05-09 17:38:20');
INSERT INTO `contest_results` VALUES (429, 4, 4, 9, 3, '2024-05-10 14:32:37');
INSERT INTO `contest_results` VALUES (430, 3, 3, 7, 8, '2024-05-11 17:40:40');
INSERT INTO `contest_results` VALUES (431, 3, 3, 5, 6, '2024-05-19 16:13:28');
INSERT INTO `contest_results` VALUES (432, 1, 1, 2, 4, '2024-05-05 13:03:17');
INSERT INTO `contest_results` VALUES (433, 4, 4, 8, 8, '2024-05-11 06:40:49');
INSERT INTO `contest_results` VALUES (434, 3, 3, 7, 2, '2024-05-14 09:12:02');
INSERT INTO `contest_results` VALUES (435, 4, 4, 4, 9, '2024-05-07 17:44:04');
INSERT INTO `contest_results` VALUES (436, 1, 1, 3, 5, '2024-05-16 11:05:57');
INSERT INTO `contest_results` VALUES (437, 4, 4, 5, 4, '2024-05-02 03:56:19');
INSERT INTO `contest_results` VALUES (438, 3, 3, 1, 2, '2024-05-19 21:07:42');
INSERT INTO `contest_results` VALUES (439, 1, 1, 4, 0, '2024-05-11 00:55:15');
INSERT INTO `contest_results` VALUES (440, 1, 1, 2, 3, '2024-05-16 03:42:36');
INSERT INTO `contest_results` VALUES (441, 3, 3, 6, 7, '2024-05-08 17:04:36');
INSERT INTO `contest_results` VALUES (442, 1, 1, 4, 3, '2024-05-11 20:35:19');
INSERT INTO `contest_results` VALUES (443, 4, 4, 9, 5, '2024-05-20 20:54:51');
INSERT INTO `contest_results` VALUES (444, 3, 3, 1, 8, '2024-05-15 22:20:03');
INSERT INTO `contest_results` VALUES (445, 1, 1, 0, 1, '2024-05-02 21:36:50');
INSERT INTO `contest_results` VALUES (446, 3, 3, 7, 0, '2024-05-09 22:44:14');
INSERT INTO `contest_results` VALUES (447, 3, 3, 1, 2, '2024-05-13 21:53:29');
INSERT INTO `contest_results` VALUES (448, 1, 1, 7, 1, '2024-05-03 02:59:53');
INSERT INTO `contest_results` VALUES (449, 3, 3, 6, 1, '2024-05-18 05:27:44');
INSERT INTO `contest_results` VALUES (450, 3, 3, 3, 3, '2024-05-05 21:22:26');
INSERT INTO `contest_results` VALUES (451, 1, 1, 7, 8, '2024-05-20 11:06:30');
INSERT INTO `contest_results` VALUES (452, 3, 3, 2, 4, '2024-05-09 19:39:34');
INSERT INTO `contest_results` VALUES (453, 3, 3, 3, 5, '2024-05-11 11:36:02');
INSERT INTO `contest_results` VALUES (454, 3, 3, 8, 2, '2024-05-16 01:24:06');
INSERT INTO `contest_results` VALUES (455, 3, 3, 2, 2, '2024-05-07 05:33:12');
INSERT INTO `contest_results` VALUES (456, 1, 1, 6, 1, '2024-05-14 15:29:53');
INSERT INTO `contest_results` VALUES (457, 4, 4, 1, 8, '2024-05-16 06:47:39');
INSERT INTO `contest_results` VALUES (458, 3, 3, 7, 6, '2024-05-18 07:18:08');
INSERT INTO `contest_results` VALUES (459, 1, 1, 1, 2, '2024-05-20 15:39:30');
INSERT INTO `contest_results` VALUES (460, 3, 3, 9, 0, '2024-05-03 16:56:49');
INSERT INTO `contest_results` VALUES (461, 3, 3, 9, 7, '2024-05-07 04:56:50');
INSERT INTO `contest_results` VALUES (462, 3, 3, 0, 1, '2024-05-11 19:36:41');
INSERT INTO `contest_results` VALUES (463, 4, 4, 7, 9, '2024-05-10 21:08:10');
INSERT INTO `contest_results` VALUES (464, 4, 4, 7, 3, '2024-05-18 09:03:44');
INSERT INTO `contest_results` VALUES (465, 4, 4, 5, 5, '2024-05-11 11:54:22');
INSERT INTO `contest_results` VALUES (466, 3, 3, 2, 2, '2024-05-09 08:40:44');
INSERT INTO `contest_results` VALUES (467, 3, 3, 9, 4, '2024-05-20 07:46:20');
INSERT INTO `contest_results` VALUES (468, 3, 3, 6, 6, '2024-05-07 21:08:14');
INSERT INTO `contest_results` VALUES (469, 3, 3, 9, 5, '2024-05-14 04:53:41');
INSERT INTO `contest_results` VALUES (470, 3, 3, 2, 7, '2024-05-20 02:36:27');
INSERT INTO `contest_results` VALUES (471, 1, 1, 0, 2, '2024-05-10 22:14:53');
INSERT INTO `contest_results` VALUES (472, 1, 1, 2, 1, '2024-05-16 05:30:58');
INSERT INTO `contest_results` VALUES (473, 4, 4, 2, 7, '2024-05-14 15:08:30');
INSERT INTO `contest_results` VALUES (474, 3, 3, 9, 6, '2024-05-12 10:08:11');
INSERT INTO `contest_results` VALUES (475, 4, 4, 8, 8, '2024-05-10 03:06:31');
INSERT INTO `contest_results` VALUES (476, 3, 3, 3, 1, '2024-05-09 12:14:26');
INSERT INTO `contest_results` VALUES (477, 3, 3, 9, 7, '2024-05-18 06:29:23');
INSERT INTO `contest_results` VALUES (478, 1, 1, 4, 2, '2024-05-13 00:28:52');
INSERT INTO `contest_results` VALUES (479, 1, 1, 8, 4, '2024-05-12 15:45:33');
INSERT INTO `contest_results` VALUES (480, 3, 3, 8, 7, '2024-05-05 11:22:16');
INSERT INTO `contest_results` VALUES (481, 3, 3, 4, 7, '2024-05-11 06:28:17');
INSERT INTO `contest_results` VALUES (482, 1, 1, 1, 5, '2024-05-08 06:13:52');
INSERT INTO `contest_results` VALUES (483, 1, 1, 1, 2, '2024-05-08 21:45:24');
INSERT INTO `contest_results` VALUES (484, 1, 1, 4, 2, '2024-05-12 06:53:37');
INSERT INTO `contest_results` VALUES (485, 4, 4, 6, 6, '2024-05-14 14:30:42');
INSERT INTO `contest_results` VALUES (486, 4, 4, 8, 3, '2024-05-13 18:17:41');
INSERT INTO `contest_results` VALUES (487, 3, 3, 1, 6, '2024-05-05 11:22:58');
INSERT INTO `contest_results` VALUES (488, 3, 3, 5, 2, '2024-05-17 23:42:56');
INSERT INTO `contest_results` VALUES (489, 3, 3, 7, 1, '2024-05-07 21:43:04');
INSERT INTO `contest_results` VALUES (490, 1, 1, 7, 7, '2024-05-14 10:08:49');
INSERT INTO `contest_results` VALUES (491, 4, 4, 0, 0, '2024-05-07 05:08:31');
INSERT INTO `contest_results` VALUES (492, 4, 4, 8, 2, '2024-05-13 20:37:28');
INSERT INTO `contest_results` VALUES (493, 4, 4, 7, 8, '2024-05-14 00:05:35');
INSERT INTO `contest_results` VALUES (494, 3, 3, 7, 4, '2024-05-16 03:22:46');
INSERT INTO `contest_results` VALUES (495, 3, 3, 2, 2, '2024-05-07 02:29:30');
INSERT INTO `contest_results` VALUES (496, 4, 4, 6, 7, '2024-05-08 12:29:13');
INSERT INTO `contest_results` VALUES (497, 1, 1, 2, 4, '2024-05-07 15:19:44');
INSERT INTO `contest_results` VALUES (498, 1, 1, 2, 7, '2024-05-11 13:11:22');
INSERT INTO `contest_results` VALUES (499, 4, 4, 0, 5, '2024-05-20 08:53:46');
INSERT INTO `contest_results` VALUES (500, 4, 4, 3, 4, '2024-05-09 11:00:59');
INSERT INTO `contest_results` VALUES (501, 1, 1, 5, 8, '2024-05-07 21:27:36');
INSERT INTO `contest_results` VALUES (502, 1, 1, 7, 2, '2024-05-04 05:39:12');
INSERT INTO `contest_results` VALUES (503, 3, 3, 7, 2, '2024-05-05 19:36:20');
INSERT INTO `contest_results` VALUES (504, 1, 1, 1, 2, '2024-05-02 00:19:37');
INSERT INTO `contest_results` VALUES (505, 3, 3, 9, 6, '2024-05-04 09:15:55');
INSERT INTO `contest_results` VALUES (506, 4, 4, 4, 5, '2024-05-16 07:55:58');
INSERT INTO `contest_results` VALUES (507, 3, 3, 8, 1, '2024-05-19 02:53:19');
INSERT INTO `contest_results` VALUES (508, 1, 1, 7, 3, '2024-05-06 04:25:20');
INSERT INTO `contest_results` VALUES (509, 1, 1, 9, 6, '2024-05-19 17:33:47');
INSERT INTO `contest_results` VALUES (510, 3, 3, 4, 7, '2024-05-17 13:04:20');
INSERT INTO `contest_results` VALUES (511, 3, 3, 3, 7, '2024-05-04 06:29:51');
INSERT INTO `contest_results` VALUES (512, 4, 4, 7, 5, '2024-05-15 11:44:41');
INSERT INTO `contest_results` VALUES (513, 3, 3, 6, 1, '2024-05-17 00:23:58');
INSERT INTO `contest_results` VALUES (514, 4, 4, 8, 2, '2024-05-13 09:20:45');
INSERT INTO `contest_results` VALUES (515, 3, 3, 3, 1, '2024-05-14 07:35:24');
INSERT INTO `contest_results` VALUES (516, 4, 4, 6, 4, '2024-05-09 12:11:13');
INSERT INTO `contest_results` VALUES (517, 1, 1, 4, 7, '2024-05-19 22:19:10');
INSERT INTO `contest_results` VALUES (518, 3, 3, 1, 6, '2024-05-17 03:10:36');
INSERT INTO `contest_results` VALUES (519, 4, 4, 8, 4, '2024-05-02 07:57:45');
INSERT INTO `contest_results` VALUES (520, 4, 4, 8, 3, '2024-05-10 10:00:04');
INSERT INTO `contest_results` VALUES (521, 1, 1, 7, 4, '2024-05-17 14:20:00');
INSERT INTO `contest_results` VALUES (522, 3, 3, 1, 9, '2024-05-18 08:49:30');
INSERT INTO `contest_results` VALUES (523, 1, 1, 3, 5, '2024-05-17 07:56:53');
INSERT INTO `contest_results` VALUES (524, 4, 4, 3, 6, '2024-05-15 00:00:51');
INSERT INTO `contest_results` VALUES (525, 1, 1, 5, 5, '2024-05-03 12:59:31');
INSERT INTO `contest_results` VALUES (526, 1, 1, 6, 1, '2024-05-06 03:42:26');
INSERT INTO `contest_results` VALUES (527, 1, 1, 3, 0, '2024-05-16 08:24:04');
INSERT INTO `contest_results` VALUES (528, 3, 3, 7, 5, '2024-05-18 01:09:58');
INSERT INTO `contest_results` VALUES (529, 4, 4, 4, 5, '2024-05-15 06:06:23');
INSERT INTO `contest_results` VALUES (530, 4, 4, 1, 8, '2024-05-10 11:45:31');
INSERT INTO `contest_results` VALUES (531, 4, 4, 1, 4, '2024-05-11 17:50:34');
INSERT INTO `contest_results` VALUES (532, 1, 1, 4, 0, '2024-05-19 08:35:02');
INSERT INTO `contest_results` VALUES (533, 3, 3, 9, 7, '2024-05-09 14:29:34');
INSERT INTO `contest_results` VALUES (534, 3, 3, 6, 9, '2024-05-04 06:42:44');
INSERT INTO `contest_results` VALUES (535, 1, 1, 1, 6, '2024-05-17 06:28:27');
INSERT INTO `contest_results` VALUES (536, 1, 1, 8, 1, '2024-05-06 20:41:25');
INSERT INTO `contest_results` VALUES (537, 1, 1, 1, 3, '2024-05-13 06:55:33');
INSERT INTO `contest_results` VALUES (538, 1, 1, 3, 3, '2024-05-18 06:45:03');
INSERT INTO `contest_results` VALUES (539, 1, 1, 5, 0, '2024-05-15 07:02:56');
INSERT INTO `contest_results` VALUES (540, 3, 3, 9, 0, '2024-05-12 06:25:20');
INSERT INTO `contest_results` VALUES (541, 3, 3, 2, 0, '2024-05-10 13:26:13');
INSERT INTO `contest_results` VALUES (542, 1, 1, 8, 0, '2024-05-07 17:49:57');
INSERT INTO `contest_results` VALUES (543, 3, 3, 1, 1, '2024-05-12 13:07:09');
INSERT INTO `contest_results` VALUES (544, 3, 3, 2, 7, '2024-05-17 12:22:05');
INSERT INTO `contest_results` VALUES (545, 1, 1, 9, 7, '2024-05-07 05:49:37');
INSERT INTO `contest_results` VALUES (546, 3, 3, 1, 1, '2024-05-07 19:29:02');
INSERT INTO `contest_results` VALUES (547, 4, 4, 7, 4, '2024-05-13 00:09:03');
INSERT INTO `contest_results` VALUES (548, 3, 3, 2, 0, '2024-05-08 09:12:35');
INSERT INTO `contest_results` VALUES (549, 1, 1, 0, 1, '2024-05-19 02:48:09');
INSERT INTO `contest_results` VALUES (550, 1, 1, 4, 3, '2024-05-14 01:11:18');
INSERT INTO `contest_results` VALUES (551, 3, 3, 5, 5, '2024-05-08 17:08:45');
INSERT INTO `contest_results` VALUES (552, 1, 1, 1, 6, '2024-05-14 19:09:41');
INSERT INTO `contest_results` VALUES (553, 4, 4, 3, 1, '2024-05-07 11:33:52');
INSERT INTO `contest_results` VALUES (554, 4, 4, 2, 4, '2024-05-18 20:56:55');
INSERT INTO `contest_results` VALUES (555, 3, 3, 5, 3, '2024-05-14 14:16:06');
INSERT INTO `contest_results` VALUES (556, 4, 4, 2, 7, '2024-05-17 11:15:42');
INSERT INTO `contest_results` VALUES (557, 1, 1, 7, 0, '2024-05-03 20:27:33');
INSERT INTO `contest_results` VALUES (558, 4, 4, 5, 6, '2024-05-11 06:02:06');
INSERT INTO `contest_results` VALUES (559, 4, 4, 1, 3, '2024-05-04 09:57:30');
INSERT INTO `contest_results` VALUES (560, 1, 1, 8, 5, '2024-05-13 08:56:37');
INSERT INTO `contest_results` VALUES (561, 4, 4, 4, 5, '2024-05-17 22:34:02');
INSERT INTO `contest_results` VALUES (562, 1, 1, 1, 4, '2024-05-03 05:03:07');
INSERT INTO `contest_results` VALUES (563, 4, 4, 8, 1, '2024-05-13 07:56:39');
INSERT INTO `contest_results` VALUES (564, 3, 3, 0, 8, '2024-05-09 20:08:38');
INSERT INTO `contest_results` VALUES (565, 4, 4, 8, 0, '2024-05-15 14:26:23');
INSERT INTO `contest_results` VALUES (566, 4, 4, 0, 3, '2024-05-20 21:07:29');
INSERT INTO `contest_results` VALUES (567, 1, 1, 7, 1, '2024-05-09 11:50:25');
INSERT INTO `contest_results` VALUES (568, 4, 4, 5, 9, '2024-05-20 01:32:55');
INSERT INTO `contest_results` VALUES (569, 3, 3, 8, 5, '2024-05-07 07:00:08');
INSERT INTO `contest_results` VALUES (570, 4, 4, 6, 3, '2024-05-20 17:56:45');
INSERT INTO `contest_results` VALUES (571, 1, 1, 6, 6, '2024-05-06 23:32:46');
INSERT INTO `contest_results` VALUES (572, 1, 1, 7, 5, '2024-05-16 04:28:42');
INSERT INTO `contest_results` VALUES (573, 1, 1, 0, 5, '2024-05-02 22:47:35');
INSERT INTO `contest_results` VALUES (574, 3, 3, 4, 2, '2024-05-07 11:46:20');
INSERT INTO `contest_results` VALUES (575, 3, 3, 7, 5, '2024-05-05 00:44:01');
INSERT INTO `contest_results` VALUES (576, 3, 3, 1, 5, '2024-05-07 08:59:57');
INSERT INTO `contest_results` VALUES (577, 1, 1, 3, 7, '2024-05-20 20:12:05');
INSERT INTO `contest_results` VALUES (578, 4, 4, 7, 1, '2024-05-09 12:43:29');
INSERT INTO `contest_results` VALUES (579, 4, 4, 2, 9, '2024-05-09 11:04:35');
INSERT INTO `contest_results` VALUES (580, 4, 4, 5, 7, '2024-05-06 20:57:48');
INSERT INTO `contest_results` VALUES (581, 3, 3, 2, 6, '2024-05-10 08:57:12');
INSERT INTO `contest_results` VALUES (582, 1, 1, 4, 6, '2024-05-15 08:52:21');
INSERT INTO `contest_results` VALUES (583, 4, 4, 7, 9, '2024-05-06 01:41:44');
INSERT INTO `contest_results` VALUES (584, 1, 1, 5, 7, '2024-05-05 17:07:23');
INSERT INTO `contest_results` VALUES (585, 4, 4, 9, 0, '2024-05-11 12:18:43');
INSERT INTO `contest_results` VALUES (586, 1, 1, 0, 5, '2024-05-04 21:20:50');
INSERT INTO `contest_results` VALUES (587, 4, 4, 6, 5, '2024-05-09 09:44:08');
INSERT INTO `contest_results` VALUES (588, 3, 3, 1, 9, '2024-05-16 11:58:59');
INSERT INTO `contest_results` VALUES (589, 1, 1, 3, 5, '2024-05-05 22:10:46');
INSERT INTO `contest_results` VALUES (590, 4, 4, 0, 8, '2024-05-18 15:51:31');
INSERT INTO `contest_results` VALUES (591, 3, 3, 3, 1, '2024-05-18 17:06:40');
INSERT INTO `contest_results` VALUES (592, 3, 3, 3, 6, '2024-05-19 03:39:55');
INSERT INTO `contest_results` VALUES (593, 3, 3, 3, 8, '2024-05-17 17:50:00');
INSERT INTO `contest_results` VALUES (594, 1, 1, 5, 4, '2024-05-02 15:48:46');
INSERT INTO `contest_results` VALUES (595, 4, 4, 1, 8, '2024-05-10 07:25:07');
INSERT INTO `contest_results` VALUES (596, 1, 1, 4, 6, '2024-05-15 15:57:31');
INSERT INTO `contest_results` VALUES (597, 4, 4, 8, 0, '2024-05-09 16:43:40');
INSERT INTO `contest_results` VALUES (598, 4, 4, 3, 0, '2024-05-16 19:19:27');
INSERT INTO `contest_results` VALUES (599, 3, 3, 2, 0, '2024-05-14 03:03:20');
INSERT INTO `contest_results` VALUES (600, 3, 3, 0, 4, '2024-05-18 21:51:15');
INSERT INTO `contest_results` VALUES (601, 4, 4, 4, 9, '2024-05-17 09:20:10');
INSERT INTO `contest_results` VALUES (602, 1, 1, 4, 1, '2024-05-02 01:35:52');
INSERT INTO `contest_results` VALUES (603, 4, 4, 7, 4, '2024-05-19 00:46:29');
INSERT INTO `contest_results` VALUES (604, 4, 4, 7, 2, '2024-05-11 21:13:43');
INSERT INTO `contest_results` VALUES (605, 3, 3, 7, 8, '2024-05-06 13:29:08');
INSERT INTO `contest_results` VALUES (606, 1, 1, 3, 5, '2024-05-05 16:29:23');
INSERT INTO `contest_results` VALUES (607, 3, 3, 5, 5, '2024-05-20 19:11:11');
INSERT INTO `contest_results` VALUES (608, 1, 1, 6, 8, '2024-05-18 19:37:04');
INSERT INTO `contest_results` VALUES (609, 4, 4, 1, 9, '2024-05-12 08:07:32');
INSERT INTO `contest_results` VALUES (610, 1, 1, 5, 8, '2024-05-12 01:16:54');
INSERT INTO `contest_results` VALUES (611, 4, 4, 8, 3, '2024-05-04 11:36:16');
INSERT INTO `contest_results` VALUES (612, 1, 1, 2, 1, '2024-05-11 00:49:19');
INSERT INTO `contest_results` VALUES (613, 3, 3, 2, 8, '2024-05-17 12:29:07');
INSERT INTO `contest_results` VALUES (614, 3, 3, 8, 3, '2024-05-03 23:57:34');
INSERT INTO `contest_results` VALUES (615, 3, 3, 4, 6, '2024-05-03 04:20:29');
INSERT INTO `contest_results` VALUES (616, 1, 1, 6, 2, '2024-05-06 16:56:21');
INSERT INTO `contest_results` VALUES (617, 4, 4, 5, 2, '2024-05-03 12:51:39');
INSERT INTO `contest_results` VALUES (618, 1, 1, 7, 2, '2024-05-15 09:36:15');
INSERT INTO `contest_results` VALUES (619, 4, 4, 8, 6, '2024-05-11 20:22:13');
INSERT INTO `contest_results` VALUES (620, 3, 3, 1, 1, '2024-05-08 06:36:01');
INSERT INTO `contest_results` VALUES (621, 3, 3, 5, 0, '2024-05-19 12:02:28');
INSERT INTO `contest_results` VALUES (622, 3, 3, 9, 1, '2024-05-04 15:25:21');
INSERT INTO `contest_results` VALUES (623, 3, 3, 1, 2, '2024-05-15 01:43:54');
INSERT INTO `contest_results` VALUES (624, 1, 1, 8, 4, '2024-05-14 02:11:58');
INSERT INTO `contest_results` VALUES (625, 1, 1, 8, 0, '2024-05-02 21:47:55');
INSERT INTO `contest_results` VALUES (626, 4, 4, 3, 3, '2024-05-17 09:15:43');
INSERT INTO `contest_results` VALUES (627, 1, 1, 2, 0, '2024-05-12 08:46:17');
INSERT INTO `contest_results` VALUES (628, 1, 1, 0, 3, '2024-05-17 04:27:03');
INSERT INTO `contest_results` VALUES (629, 1, 1, 7, 2, '2024-05-19 19:39:03');
INSERT INTO `contest_results` VALUES (630, 4, 4, 3, 1, '2024-05-04 10:07:45');
INSERT INTO `contest_results` VALUES (631, 1, 1, 4, 2, '2024-05-04 01:18:51');
INSERT INTO `contest_results` VALUES (632, 1, 1, 5, 3, '2024-05-04 15:09:46');
INSERT INTO `contest_results` VALUES (633, 4, 4, 1, 1, '2024-05-18 22:18:10');
INSERT INTO `contest_results` VALUES (634, 1, 1, 2, 3, '2024-05-06 03:11:01');
INSERT INTO `contest_results` VALUES (635, 4, 4, 2, 9, '2024-05-05 05:09:25');
INSERT INTO `contest_results` VALUES (636, 3, 3, 8, 7, '2024-05-13 22:08:31');
INSERT INTO `contest_results` VALUES (637, 1, 1, 7, 3, '2024-05-03 18:27:30');
INSERT INTO `contest_results` VALUES (638, 3, 3, 1, 8, '2024-05-11 01:37:34');
INSERT INTO `contest_results` VALUES (639, 3, 3, 7, 6, '2024-05-14 09:06:35');
INSERT INTO `contest_results` VALUES (640, 4, 4, 7, 2, '2024-05-09 09:23:35');
INSERT INTO `contest_results` VALUES (641, 4, 4, 4, 8, '2024-05-02 11:39:25');
INSERT INTO `contest_results` VALUES (642, 4, 4, 0, 3, '2024-05-20 08:03:57');
INSERT INTO `contest_results` VALUES (643, 4, 4, 1, 9, '2024-05-09 17:39:50');
INSERT INTO `contest_results` VALUES (644, 1, 1, 3, 9, '2024-05-20 23:13:55');
INSERT INTO `contest_results` VALUES (645, 3, 3, 3, 4, '2024-05-18 12:00:32');
INSERT INTO `contest_results` VALUES (646, 4, 4, 2, 3, '2024-05-03 18:11:15');
INSERT INTO `contest_results` VALUES (647, 1, 1, 2, 6, '2024-05-11 15:45:17');
INSERT INTO `contest_results` VALUES (648, 4, 4, 4, 7, '2024-05-15 21:50:55');
INSERT INTO `contest_results` VALUES (649, 4, 4, 1, 6, '2024-05-20 03:17:08');
INSERT INTO `contest_results` VALUES (650, 4, 4, 1, 6, '2024-05-17 16:25:19');
INSERT INTO `contest_results` VALUES (651, 4, 4, 8, 7, '2024-05-03 17:20:10');
INSERT INTO `contest_results` VALUES (652, 3, 3, 2, 0, '2024-05-20 23:34:27');
INSERT INTO `contest_results` VALUES (653, 1, 1, 8, 8, '2024-05-12 14:15:03');
INSERT INTO `contest_results` VALUES (654, 1, 1, 8, 7, '2024-05-12 07:34:01');
INSERT INTO `contest_results` VALUES (655, 1, 1, 6, 4, '2024-05-06 06:12:48');
INSERT INTO `contest_results` VALUES (656, 4, 4, 6, 2, '2024-05-14 07:24:42');
INSERT INTO `contest_results` VALUES (657, 1, 1, 1, 3, '2024-05-17 23:50:52');
INSERT INTO `contest_results` VALUES (658, 3, 3, 1, 2, '2024-05-08 15:22:11');
INSERT INTO `contest_results` VALUES (659, 4, 4, 2, 4, '2024-05-04 20:11:38');
INSERT INTO `contest_results` VALUES (660, 3, 3, 0, 2, '2024-05-19 02:26:24');
INSERT INTO `contest_results` VALUES (661, 3, 3, 4, 3, '2024-05-15 15:40:13');
INSERT INTO `contest_results` VALUES (662, 4, 4, 9, 8, '2024-05-10 22:28:26');
INSERT INTO `contest_results` VALUES (663, 3, 3, 1, 1, '2024-05-14 22:21:14');
INSERT INTO `contest_results` VALUES (664, 4, 4, 9, 6, '2024-05-10 00:20:02');
INSERT INTO `contest_results` VALUES (665, 3, 3, 4, 0, '2024-05-08 14:13:48');
INSERT INTO `contest_results` VALUES (666, 1, 1, 9, 8, '2024-05-06 14:28:35');
INSERT INTO `contest_results` VALUES (667, 1, 1, 8, 1, '2024-05-19 03:30:08');
INSERT INTO `contest_results` VALUES (668, 4, 4, 4, 1, '2024-05-05 10:43:51');
INSERT INTO `contest_results` VALUES (669, 3, 3, 5, 3, '2024-05-18 08:16:39');
INSERT INTO `contest_results` VALUES (670, 3, 3, 1, 3, '2024-05-05 21:40:08');
INSERT INTO `contest_results` VALUES (671, 4, 4, 6, 1, '2024-05-06 00:08:39');
INSERT INTO `contest_results` VALUES (672, 4, 4, 5, 3, '2024-05-12 08:32:47');
INSERT INTO `contest_results` VALUES (673, 1, 1, 2, 2, '2024-05-02 10:23:56');
INSERT INTO `contest_results` VALUES (674, 1, 1, 1, 1, '2024-05-10 06:04:22');
INSERT INTO `contest_results` VALUES (675, 1, 1, 3, 1, '2024-05-18 16:13:16');
INSERT INTO `contest_results` VALUES (676, 1, 1, 5, 4, '2024-05-04 21:14:49');
INSERT INTO `contest_results` VALUES (677, 4, 4, 6, 8, '2024-05-10 21:57:17');
INSERT INTO `contest_results` VALUES (678, 4, 4, 1, 7, '2024-05-13 17:17:50');
INSERT INTO `contest_results` VALUES (679, 4, 4, 3, 1, '2024-05-07 19:41:21');
INSERT INTO `contest_results` VALUES (680, 4, 4, 2, 7, '2024-05-02 03:55:40');
INSERT INTO `contest_results` VALUES (681, 4, 4, 3, 7, '2024-05-19 17:29:57');
INSERT INTO `contest_results` VALUES (682, 3, 3, 4, 6, '2024-05-05 09:23:15');
INSERT INTO `contest_results` VALUES (683, 4, 4, 7, 1, '2024-05-20 04:24:01');
INSERT INTO `contest_results` VALUES (684, 3, 3, 2, 3, '2024-05-06 11:32:00');
INSERT INTO `contest_results` VALUES (685, 3, 3, 6, 4, '2024-05-02 18:53:21');
INSERT INTO `contest_results` VALUES (686, 3, 3, 0, 6, '2024-05-13 06:23:25');
INSERT INTO `contest_results` VALUES (687, 3, 3, 1, 2, '2024-05-09 23:32:14');
INSERT INTO `contest_results` VALUES (688, 1, 1, 3, 5, '2024-05-05 21:21:46');
INSERT INTO `contest_results` VALUES (689, 1, 1, 6, 7, '2024-05-14 08:27:13');
INSERT INTO `contest_results` VALUES (690, 1, 1, 4, 3, '2024-05-05 19:07:01');
INSERT INTO `contest_results` VALUES (691, 3, 3, 6, 3, '2024-05-07 07:44:35');
INSERT INTO `contest_results` VALUES (692, 1, 1, 8, 3, '2024-05-16 17:29:51');
INSERT INTO `contest_results` VALUES (693, 1, 1, 5, 6, '2024-05-13 15:35:51');
INSERT INTO `contest_results` VALUES (694, 4, 4, 3, 5, '2024-05-10 13:59:27');
INSERT INTO `contest_results` VALUES (695, 4, 4, 5, 4, '2024-05-17 06:48:59');
INSERT INTO `contest_results` VALUES (696, 4, 4, 2, 7, '2024-05-15 03:02:23');
INSERT INTO `contest_results` VALUES (697, 3, 3, 4, 7, '2024-05-04 06:35:13');
INSERT INTO `contest_results` VALUES (698, 1, 1, 4, 2, '2024-05-08 05:31:34');
INSERT INTO `contest_results` VALUES (699, 4, 4, 4, 7, '2024-05-03 22:40:07');
INSERT INTO `contest_results` VALUES (700, 1, 1, 4, 6, '2024-05-11 04:30:46');
INSERT INTO `contest_results` VALUES (701, 1, 1, 9, 8, '2024-05-18 19:02:07');
INSERT INTO `contest_results` VALUES (702, 4, 4, 3, 4, '2024-05-19 01:02:44');
INSERT INTO `contest_results` VALUES (703, 4, 4, 1, 0, '2024-05-07 21:42:18');
INSERT INTO `contest_results` VALUES (704, 4, 4, 1, 5, '2024-05-02 01:46:27');
INSERT INTO `contest_results` VALUES (705, 1, 1, 3, 5, '2024-05-12 04:37:47');
INSERT INTO `contest_results` VALUES (706, 3, 3, 4, 8, '2024-05-08 04:23:44');
INSERT INTO `contest_results` VALUES (707, 1, 1, 7, 1, '2024-05-16 03:42:31');
INSERT INTO `contest_results` VALUES (708, 1, 1, 1, 1, '2024-05-14 11:25:31');
INSERT INTO `contest_results` VALUES (709, 1, 1, 2, 9, '2024-05-14 16:14:04');
INSERT INTO `contest_results` VALUES (710, 4, 4, 3, 9, '2024-05-17 02:37:48');
INSERT INTO `contest_results` VALUES (711, 1, 1, 4, 6, '2024-05-02 16:27:07');
INSERT INTO `contest_results` VALUES (712, 3, 3, 6, 6, '2024-05-13 15:50:36');
INSERT INTO `contest_results` VALUES (713, 3, 3, 3, 5, '2024-05-10 15:06:50');
INSERT INTO `contest_results` VALUES (714, 1, 1, 0, 0, '2024-05-09 23:09:19');
INSERT INTO `contest_results` VALUES (715, 3, 3, 8, 5, '2024-05-16 23:03:46');
INSERT INTO `contest_results` VALUES (716, 3, 3, 6, 9, '2024-05-17 16:03:19');
INSERT INTO `contest_results` VALUES (717, 3, 3, 8, 7, '2024-05-04 19:07:07');
INSERT INTO `contest_results` VALUES (718, 1, 1, 5, 8, '2024-05-03 04:41:28');
INSERT INTO `contest_results` VALUES (719, 1, 1, 2, 6, '2024-05-11 04:17:32');
INSERT INTO `contest_results` VALUES (720, 4, 4, 5, 4, '2024-05-05 11:52:37');
INSERT INTO `contest_results` VALUES (721, 3, 3, 2, 1, '2024-05-08 08:43:11');
INSERT INTO `contest_results` VALUES (722, 1, 1, 9, 2, '2024-05-08 06:20:18');
INSERT INTO `contest_results` VALUES (723, 1, 1, 5, 0, '2024-05-05 01:43:42');
INSERT INTO `contest_results` VALUES (724, 4, 4, 5, 8, '2024-05-12 19:57:20');
INSERT INTO `contest_results` VALUES (725, 4, 4, 6, 3, '2024-05-09 06:49:40');
INSERT INTO `contest_results` VALUES (726, 1, 1, 5, 9, '2024-05-07 17:19:03');
INSERT INTO `contest_results` VALUES (727, 4, 4, 9, 0, '2024-05-12 05:59:23');
INSERT INTO `contest_results` VALUES (728, 3, 3, 2, 5, '2024-05-04 01:27:09');
INSERT INTO `contest_results` VALUES (729, 3, 3, 7, 6, '2024-05-20 21:13:20');
INSERT INTO `contest_results` VALUES (730, 1, 1, 3, 9, '2024-05-05 13:09:38');
INSERT INTO `contest_results` VALUES (731, 3, 3, 4, 8, '2024-05-08 19:28:03');
INSERT INTO `contest_results` VALUES (732, 3, 3, 4, 8, '2024-05-04 13:41:19');
INSERT INTO `contest_results` VALUES (733, 4, 4, 7, 6, '2024-05-03 06:17:13');
INSERT INTO `contest_results` VALUES (734, 4, 4, 6, 1, '2024-05-08 16:03:36');
INSERT INTO `contest_results` VALUES (735, 3, 3, 5, 4, '2024-05-20 14:56:46');
INSERT INTO `contest_results` VALUES (736, 4, 4, 3, 7, '2024-05-16 11:05:01');
INSERT INTO `contest_results` VALUES (737, 4, 4, 2, 8, '2024-05-10 05:50:39');
INSERT INTO `contest_results` VALUES (738, 3, 3, 6, 0, '2024-05-08 23:05:14');
INSERT INTO `contest_results` VALUES (739, 4, 4, 4, 8, '2024-05-10 22:07:50');
INSERT INTO `contest_results` VALUES (740, 4, 4, 5, 2, '2024-05-14 18:29:26');
INSERT INTO `contest_results` VALUES (741, 3, 3, 8, 6, '2024-05-09 12:09:12');
INSERT INTO `contest_results` VALUES (742, 4, 4, 7, 7, '2024-05-10 11:15:32');
INSERT INTO `contest_results` VALUES (743, 4, 4, 8, 2, '2024-05-05 02:58:19');
INSERT INTO `contest_results` VALUES (744, 4, 4, 1, 2, '2024-05-10 07:47:33');
INSERT INTO `contest_results` VALUES (745, 3, 3, 7, 8, '2024-05-19 03:38:46');
INSERT INTO `contest_results` VALUES (746, 4, 4, 3, 5, '2024-05-08 03:33:50');
INSERT INTO `contest_results` VALUES (747, 3, 3, 4, 5, '2024-05-17 17:41:21');
INSERT INTO `contest_results` VALUES (748, 1, 1, 2, 7, '2024-05-02 04:01:59');
INSERT INTO `contest_results` VALUES (749, 3, 3, 7, 6, '2024-05-10 06:19:53');
INSERT INTO `contest_results` VALUES (750, 3, 3, 1, 5, '2024-05-03 01:00:44');
INSERT INTO `contest_results` VALUES (751, 3, 3, 4, 1, '2024-05-15 00:56:00');
INSERT INTO `contest_results` VALUES (752, 3, 3, 8, 3, '2024-05-18 01:29:58');
INSERT INTO `contest_results` VALUES (753, 3, 3, 4, 6, '2024-05-07 15:52:57');
INSERT INTO `contest_results` VALUES (754, 4, 4, 1, 5, '2024-05-10 03:43:32');
INSERT INTO `contest_results` VALUES (755, 4, 4, 1, 4, '2024-05-19 16:41:18');
INSERT INTO `contest_results` VALUES (756, 3, 3, 3, 3, '2024-05-04 19:13:54');
INSERT INTO `contest_results` VALUES (757, 1, 1, 1, 8, '2024-05-05 00:25:22');
INSERT INTO `contest_results` VALUES (758, 4, 4, 7, 9, '2024-05-15 13:07:09');
INSERT INTO `contest_results` VALUES (759, 3, 3, 7, 6, '2024-05-12 03:49:56');
INSERT INTO `contest_results` VALUES (760, 4, 4, 6, 8, '2024-05-18 17:44:51');
INSERT INTO `contest_results` VALUES (761, 4, 4, 7, 7, '2024-05-13 12:39:54');
INSERT INTO `contest_results` VALUES (762, 4, 4, 4, 5, '2024-05-16 11:12:35');
INSERT INTO `contest_results` VALUES (763, 3, 3, 3, 5, '2024-05-04 14:07:18');
INSERT INTO `contest_results` VALUES (764, 1, 1, 3, 6, '2024-05-16 02:35:19');
INSERT INTO `contest_results` VALUES (765, 4, 4, 6, 1, '2024-05-10 19:03:35');
INSERT INTO `contest_results` VALUES (766, 4, 4, 7, 1, '2024-05-12 12:36:32');
INSERT INTO `contest_results` VALUES (767, 3, 3, 8, 5, '2024-05-03 07:02:42');
INSERT INTO `contest_results` VALUES (768, 4, 4, 5, 2, '2024-05-07 20:08:21');
INSERT INTO `contest_results` VALUES (769, 3, 3, 2, 4, '2024-05-11 16:36:12');
INSERT INTO `contest_results` VALUES (770, 4, 4, 1, 4, '2024-05-03 05:11:09');
INSERT INTO `contest_results` VALUES (771, 3, 3, 1, 3, '2024-05-05 20:00:23');
INSERT INTO `contest_results` VALUES (772, 1, 1, 4, 1, '2024-05-16 23:45:27');
INSERT INTO `contest_results` VALUES (773, 4, 4, 6, 0, '2024-05-18 16:42:26');
INSERT INTO `contest_results` VALUES (774, 1, 1, 4, 1, '2024-05-15 10:51:05');
INSERT INTO `contest_results` VALUES (775, 3, 3, 3, 2, '2024-05-17 17:00:33');
INSERT INTO `contest_results` VALUES (776, 3, 3, 7, 4, '2024-05-14 20:35:55');
INSERT INTO `contest_results` VALUES (777, 1, 1, 6, 4, '2024-05-15 20:13:41');
INSERT INTO `contest_results` VALUES (778, 1, 1, 9, 4, '2024-05-08 08:38:31');
INSERT INTO `contest_results` VALUES (779, 3, 3, 8, 8, '2024-05-19 17:01:17');
INSERT INTO `contest_results` VALUES (780, 3, 3, 8, 2, '2024-05-03 12:27:15');
INSERT INTO `contest_results` VALUES (781, 3, 3, 1, 6, '2024-05-15 12:49:36');
INSERT INTO `contest_results` VALUES (782, 1, 1, 1, 3, '2024-05-17 00:08:30');
INSERT INTO `contest_results` VALUES (783, 3, 3, 4, 4, '2024-05-13 14:31:40');
INSERT INTO `contest_results` VALUES (784, 4, 4, 7, 4, '2024-05-15 01:23:57');
INSERT INTO `contest_results` VALUES (785, 3, 3, 9, 7, '2024-05-10 08:03:49');
INSERT INTO `contest_results` VALUES (786, 4, 4, 1, 5, '2024-05-15 23:43:54');
INSERT INTO `contest_results` VALUES (787, 1, 1, 1, 1, '2024-05-12 03:08:56');
INSERT INTO `contest_results` VALUES (788, 3, 3, 2, 1, '2024-05-06 02:48:22');
INSERT INTO `contest_results` VALUES (789, 4, 4, 1, 3, '2024-05-05 07:57:56');
INSERT INTO `contest_results` VALUES (790, 4, 4, 5, 1, '2024-05-05 19:51:51');
INSERT INTO `contest_results` VALUES (791, 3, 3, 8, 7, '2024-05-18 23:08:14');
INSERT INTO `contest_results` VALUES (792, 1, 1, 6, 3, '2024-05-17 05:31:02');
INSERT INTO `contest_results` VALUES (793, 3, 3, 8, 4, '2024-05-20 04:04:35');
INSERT INTO `contest_results` VALUES (794, 3, 3, 4, 4, '2024-05-06 22:15:11');
INSERT INTO `contest_results` VALUES (795, 4, 4, 0, 5, '2024-05-08 12:28:51');
INSERT INTO `contest_results` VALUES (796, 1, 1, 6, 4, '2024-05-03 00:43:13');
INSERT INTO `contest_results` VALUES (797, 4, 4, 6, 2, '2024-05-04 08:29:59');
INSERT INTO `contest_results` VALUES (798, 4, 4, 7, 0, '2024-05-16 10:36:16');
INSERT INTO `contest_results` VALUES (799, 4, 4, 6, 8, '2024-05-20 09:45:49');
INSERT INTO `contest_results` VALUES (800, 3, 3, 4, 8, '2024-05-02 04:07:09');
INSERT INTO `contest_results` VALUES (801, 1, 1, 9, 6, '2024-05-14 23:55:52');
INSERT INTO `contest_results` VALUES (802, 4, 4, 2, 7, '2024-05-13 01:44:10');
INSERT INTO `contest_results` VALUES (803, 3, 3, 3, 1, '2024-05-13 19:14:23');
INSERT INTO `contest_results` VALUES (804, 1, 1, 3, 2, '2024-05-14 19:34:35');
INSERT INTO `contest_results` VALUES (805, 4, 4, 6, 1, '2024-05-11 02:42:12');
INSERT INTO `contest_results` VALUES (806, 1, 1, 2, 8, '2024-05-12 04:45:18');
INSERT INTO `contest_results` VALUES (807, 3, 3, 2, 3, '2024-05-16 16:57:05');
INSERT INTO `contest_results` VALUES (808, 3, 3, 0, 3, '2024-05-18 04:36:34');
INSERT INTO `contest_results` VALUES (809, 3, 3, 7, 4, '2024-05-08 19:42:36');
INSERT INTO `contest_results` VALUES (810, 3, 3, 9, 4, '2024-05-19 20:27:26');
INSERT INTO `contest_results` VALUES (811, 1, 1, 2, 7, '2024-05-15 03:09:06');
INSERT INTO `contest_results` VALUES (812, 4, 4, 1, 4, '2024-05-04 15:42:25');
INSERT INTO `contest_results` VALUES (813, 4, 4, 5, 8, '2024-05-11 22:55:30');
INSERT INTO `contest_results` VALUES (814, 3, 3, 2, 1, '2024-05-13 13:47:53');
INSERT INTO `contest_results` VALUES (815, 1, 1, 3, 5, '2024-05-16 10:49:31');
INSERT INTO `contest_results` VALUES (816, 1, 1, 5, 1, '2024-05-12 08:16:49');
INSERT INTO `contest_results` VALUES (817, 1, 1, 2, 5, '2024-05-12 06:09:05');
INSERT INTO `contest_results` VALUES (818, 4, 4, 2, 0, '2024-05-11 20:28:20');
INSERT INTO `contest_results` VALUES (819, 1, 1, 0, 5, '2024-05-13 10:13:17');
INSERT INTO `contest_results` VALUES (820, 4, 4, 1, 5, '2024-05-16 20:31:22');
INSERT INTO `contest_results` VALUES (821, 3, 3, 5, 2, '2024-05-18 09:11:57');
INSERT INTO `contest_results` VALUES (822, 4, 4, 8, 0, '2024-05-15 01:57:25');
INSERT INTO `contest_results` VALUES (823, 4, 4, 3, 6, '2024-05-14 02:08:47');
INSERT INTO `contest_results` VALUES (824, 4, 4, 9, 2, '2024-05-10 07:14:08');
INSERT INTO `contest_results` VALUES (825, 4, 4, 8, 6, '2024-05-09 22:40:59');
INSERT INTO `contest_results` VALUES (826, 4, 4, 4, 4, '2024-05-04 10:00:24');
INSERT INTO `contest_results` VALUES (827, 3, 3, 5, 4, '2024-05-14 09:00:05');
INSERT INTO `contest_results` VALUES (828, 3, 3, 4, 8, '2024-05-11 16:30:36');
INSERT INTO `contest_results` VALUES (829, 4, 4, 1, 6, '2024-05-03 21:28:14');
INSERT INTO `contest_results` VALUES (830, 1, 1, 3, 1, '2024-05-03 10:33:29');
INSERT INTO `contest_results` VALUES (831, 3, 3, 7, 2, '2024-05-04 09:12:24');
INSERT INTO `contest_results` VALUES (832, 3, 3, 2, 3, '2024-05-04 23:19:15');
INSERT INTO `contest_results` VALUES (833, 3, 3, 9, 3, '2024-05-14 07:39:09');
INSERT INTO `contest_results` VALUES (834, 3, 3, 2, 4, '2024-05-16 15:03:39');
INSERT INTO `contest_results` VALUES (835, 1, 1, 3, 5, '2024-05-20 20:37:03');
INSERT INTO `contest_results` VALUES (836, 4, 4, 4, 5, '2024-05-18 15:38:49');
INSERT INTO `contest_results` VALUES (837, 1, 1, 8, 3, '2024-05-02 09:48:25');
INSERT INTO `contest_results` VALUES (838, 1, 1, 0, 5, '2024-05-15 12:28:02');
INSERT INTO `contest_results` VALUES (839, 1, 1, 0, 6, '2024-05-15 21:57:19');
INSERT INTO `contest_results` VALUES (840, 4, 4, 3, 8, '2024-05-06 00:39:54');
INSERT INTO `contest_results` VALUES (841, 1, 1, 9, 2, '2024-05-09 20:04:06');
INSERT INTO `contest_results` VALUES (842, 3, 3, 5, 5, '2024-05-20 06:55:23');
INSERT INTO `contest_results` VALUES (843, 4, 4, 6, 2, '2024-05-08 06:43:28');
INSERT INTO `contest_results` VALUES (844, 4, 4, 9, 6, '2024-05-07 06:17:11');
INSERT INTO `contest_results` VALUES (845, 4, 4, 6, 0, '2024-05-16 09:03:59');
INSERT INTO `contest_results` VALUES (846, 4, 4, 7, 2, '2024-05-11 05:07:43');
INSERT INTO `contest_results` VALUES (847, 1, 1, 4, 8, '2024-05-06 06:41:51');
INSERT INTO `contest_results` VALUES (848, 3, 3, 6, 3, '2024-05-13 18:37:58');
INSERT INTO `contest_results` VALUES (849, 4, 4, 1, 3, '2024-05-17 16:36:38');
INSERT INTO `contest_results` VALUES (850, 1, 1, 7, 7, '2024-05-16 05:10:57');
INSERT INTO `contest_results` VALUES (851, 3, 3, 7, 2, '2024-05-20 02:37:56');
INSERT INTO `contest_results` VALUES (852, 3, 3, 1, 8, '2024-05-02 18:33:19');
INSERT INTO `contest_results` VALUES (853, 1, 1, 1, 5, '2024-05-14 12:32:18');
INSERT INTO `contest_results` VALUES (854, 1, 1, 7, 2, '2024-05-06 00:13:38');
INSERT INTO `contest_results` VALUES (855, 4, 4, 6, 3, '2024-05-18 15:06:20');
INSERT INTO `contest_results` VALUES (856, 1, 1, 9, 3, '2024-05-04 22:54:44');
INSERT INTO `contest_results` VALUES (857, 1, 1, 3, 9, '2024-05-19 23:17:34');
INSERT INTO `contest_results` VALUES (858, 3, 3, 8, 6, '2024-05-07 07:07:24');
INSERT INTO `contest_results` VALUES (859, 4, 4, 6, 8, '2024-05-20 09:43:43');
INSERT INTO `contest_results` VALUES (860, 3, 3, 5, 7, '2024-05-04 01:31:50');
INSERT INTO `contest_results` VALUES (861, 3, 3, 1, 6, '2024-05-16 17:51:06');
INSERT INTO `contest_results` VALUES (862, 4, 4, 6, 7, '2024-05-14 09:21:34');
INSERT INTO `contest_results` VALUES (863, 4, 4, 9, 0, '2024-05-07 07:28:04');
INSERT INTO `contest_results` VALUES (864, 4, 4, 8, 4, '2024-05-09 02:49:27');
INSERT INTO `contest_results` VALUES (865, 1, 1, 0, 1, '2024-05-09 07:14:20');
INSERT INTO `contest_results` VALUES (866, 3, 3, 8, 8, '2024-05-07 11:39:17');
INSERT INTO `contest_results` VALUES (867, 3, 3, 7, 1, '2024-05-03 09:59:43');
INSERT INTO `contest_results` VALUES (868, 4, 4, 1, 7, '2024-05-03 07:16:32');
INSERT INTO `contest_results` VALUES (869, 1, 1, 3, 3, '2024-05-03 12:34:34');
INSERT INTO `contest_results` VALUES (870, 3, 3, 8, 6, '2024-05-20 02:04:43');
INSERT INTO `contest_results` VALUES (871, 1, 1, 2, 5, '2024-05-18 13:20:30');
INSERT INTO `contest_results` VALUES (872, 1, 1, 2, 5, '2024-05-08 12:18:00');
INSERT INTO `contest_results` VALUES (873, 4, 4, 5, 5, '2024-05-07 05:10:56');
INSERT INTO `contest_results` VALUES (874, 1, 1, 2, 6, '2024-05-18 09:34:40');
INSERT INTO `contest_results` VALUES (875, 1, 1, 2, 2, '2024-05-19 03:48:00');
INSERT INTO `contest_results` VALUES (876, 1, 1, 5, 1, '2024-05-02 03:30:44');
INSERT INTO `contest_results` VALUES (877, 1, 1, 4, 8, '2024-05-08 00:22:53');
INSERT INTO `contest_results` VALUES (878, 4, 4, 9, 5, '2024-05-03 20:08:57');
INSERT INTO `contest_results` VALUES (879, 1, 1, 4, 2, '2024-05-18 18:04:45');
INSERT INTO `contest_results` VALUES (880, 4, 4, 8, 9, '2024-05-14 19:57:20');
INSERT INTO `contest_results` VALUES (881, 3, 3, 8, 6, '2024-05-15 07:03:36');
INSERT INTO `contest_results` VALUES (882, 3, 3, 6, 1, '2024-05-08 07:58:58');
INSERT INTO `contest_results` VALUES (883, 4, 4, 5, 1, '2024-05-16 12:54:53');
INSERT INTO `contest_results` VALUES (884, 4, 4, 7, 9, '2024-05-14 18:39:32');
INSERT INTO `contest_results` VALUES (885, 4, 4, 5, 2, '2024-05-16 02:19:00');
INSERT INTO `contest_results` VALUES (886, 3, 3, 8, 0, '2024-05-14 04:56:59');
INSERT INTO `contest_results` VALUES (887, 4, 4, 7, 4, '2024-05-04 09:40:04');
INSERT INTO `contest_results` VALUES (888, 1, 1, 6, 1, '2024-05-20 01:00:32');
INSERT INTO `contest_results` VALUES (889, 3, 3, 5, 6, '2024-05-10 19:43:21');
INSERT INTO `contest_results` VALUES (890, 1, 1, 3, 8, '2024-05-05 23:49:33');
INSERT INTO `contest_results` VALUES (891, 1, 1, 1, 8, '2024-05-07 19:00:52');
INSERT INTO `contest_results` VALUES (892, 3, 3, 8, 4, '2024-05-10 21:49:03');
INSERT INTO `contest_results` VALUES (893, 1, 1, 8, 7, '2024-05-07 14:20:37');
INSERT INTO `contest_results` VALUES (894, 1, 1, 2, 0, '2024-05-17 12:02:31');
INSERT INTO `contest_results` VALUES (895, 3, 3, 2, 7, '2024-05-02 17:34:01');
INSERT INTO `contest_results` VALUES (896, 3, 3, 8, 8, '2024-05-10 09:49:42');
INSERT INTO `contest_results` VALUES (897, 1, 1, 4, 4, '2024-05-16 12:01:24');
INSERT INTO `contest_results` VALUES (898, 4, 4, 1, 2, '2024-05-14 14:02:12');
INSERT INTO `contest_results` VALUES (899, 4, 4, 7, 7, '2024-05-09 20:10:30');
INSERT INTO `contest_results` VALUES (900, 4, 4, 5, 3, '2024-05-06 22:26:00');
INSERT INTO `contest_results` VALUES (901, 4, 4, 3, 3, '2024-05-13 22:12:42');
INSERT INTO `contest_results` VALUES (902, 1, 1, 8, 2, '2024-05-05 16:01:20');
INSERT INTO `contest_results` VALUES (903, 1, 1, 3, 3, '2024-05-11 03:40:42');
INSERT INTO `contest_results` VALUES (904, 1, 1, 2, 7, '2024-05-08 03:08:12');
INSERT INTO `contest_results` VALUES (905, 1, 1, 5, 5, '2024-05-04 02:11:50');
INSERT INTO `contest_results` VALUES (906, 1, 1, 1, 8, '2024-05-03 14:19:26');
INSERT INTO `contest_results` VALUES (907, 1, 1, 0, 0, '2024-05-12 14:17:28');
INSERT INTO `contest_results` VALUES (908, 3, 3, 3, 1, '2024-05-18 09:50:06');
INSERT INTO `contest_results` VALUES (909, 4, 4, 6, 0, '2024-05-03 01:00:53');
INSERT INTO `contest_results` VALUES (910, 1, 1, 2, 3, '2024-05-08 01:35:12');
INSERT INTO `contest_results` VALUES (911, 1, 1, 5, 9, '2024-05-17 04:09:21');
INSERT INTO `contest_results` VALUES (912, 1, 1, 4, 2, '2024-05-08 11:26:51');
INSERT INTO `contest_results` VALUES (913, 4, 4, 5, 2, '2024-05-15 19:06:44');
INSERT INTO `contest_results` VALUES (914, 3, 3, 1, 5, '2024-05-11 05:33:01');
INSERT INTO `contest_results` VALUES (915, 4, 4, 8, 5, '2024-05-06 11:14:41');
INSERT INTO `contest_results` VALUES (916, 4, 4, 4, 4, '2024-05-02 16:49:30');
INSERT INTO `contest_results` VALUES (917, 3, 3, 1, 0, '2024-05-05 08:36:07');
INSERT INTO `contest_results` VALUES (918, 4, 4, 6, 1, '2024-05-14 20:51:29');
INSERT INTO `contest_results` VALUES (919, 1, 1, 0, 4, '2024-05-11 05:21:26');
INSERT INTO `contest_results` VALUES (920, 3, 3, 0, 3, '2024-05-08 01:16:21');
INSERT INTO `contest_results` VALUES (921, 4, 4, 1, 5, '2024-05-09 19:00:02');
INSERT INTO `contest_results` VALUES (922, 3, 3, 9, 1, '2024-05-11 12:06:13');
INSERT INTO `contest_results` VALUES (923, 3, 3, 6, 7, '2024-05-17 14:49:15');
INSERT INTO `contest_results` VALUES (924, 4, 4, 6, 8, '2024-05-05 00:01:41');
INSERT INTO `contest_results` VALUES (925, 1, 1, 8, 2, '2024-05-03 09:46:21');
INSERT INTO `contest_results` VALUES (926, 3, 3, 9, 6, '2024-05-19 04:20:04');
INSERT INTO `contest_results` VALUES (927, 3, 3, 2, 8, '2024-05-05 16:22:30');
INSERT INTO `contest_results` VALUES (928, 3, 3, 8, 9, '2024-05-11 16:20:48');
INSERT INTO `contest_results` VALUES (929, 1, 1, 8, 1, '2024-05-06 17:37:36');
INSERT INTO `contest_results` VALUES (930, 4, 4, 6, 3, '2024-05-12 15:03:01');
INSERT INTO `contest_results` VALUES (931, 4, 4, 2, 9, '2024-05-05 10:44:00');
INSERT INTO `contest_results` VALUES (932, 1, 1, 1, 7, '2024-05-14 15:40:40');
INSERT INTO `contest_results` VALUES (933, 3, 3, 6, 7, '2024-05-02 04:57:43');
INSERT INTO `contest_results` VALUES (934, 1, 1, 3, 2, '2024-05-10 10:09:30');
INSERT INTO `contest_results` VALUES (935, 3, 3, 2, 5, '2024-05-05 13:18:48');
INSERT INTO `contest_results` VALUES (936, 3, 3, 8, 6, '2024-05-09 01:24:58');
INSERT INTO `contest_results` VALUES (937, 1, 1, 7, 7, '2024-05-11 06:26:00');
INSERT INTO `contest_results` VALUES (938, 4, 4, 7, 8, '2024-05-16 18:46:30');
INSERT INTO `contest_results` VALUES (939, 3, 3, 6, 8, '2024-05-13 07:23:05');
INSERT INTO `contest_results` VALUES (940, 4, 4, 7, 8, '2024-05-20 03:47:13');
INSERT INTO `contest_results` VALUES (941, 1, 1, 4, 6, '2024-05-15 16:31:57');
INSERT INTO `contest_results` VALUES (942, 4, 4, 6, 3, '2024-05-12 14:27:15');
INSERT INTO `contest_results` VALUES (943, 1, 1, 4, 9, '2024-05-04 20:52:09');
INSERT INTO `contest_results` VALUES (944, 3, 3, 8, 3, '2024-05-07 14:41:56');
INSERT INTO `contest_results` VALUES (945, 4, 4, 2, 3, '2024-05-12 22:56:32');
INSERT INTO `contest_results` VALUES (946, 4, 4, 7, 7, '2024-05-06 04:09:18');
INSERT INTO `contest_results` VALUES (947, 3, 3, 1, 6, '2024-05-20 09:45:24');
INSERT INTO `contest_results` VALUES (948, 4, 4, 1, 5, '2024-05-09 03:08:22');
INSERT INTO `contest_results` VALUES (949, 4, 4, 1, 7, '2024-05-14 09:28:55');
INSERT INTO `contest_results` VALUES (950, 4, 4, 7, 6, '2024-05-08 08:44:27');
INSERT INTO `contest_results` VALUES (951, 4, 4, 3, 1, '2024-05-05 16:20:20');
INSERT INTO `contest_results` VALUES (952, 3, 3, 7, 5, '2024-05-05 05:24:15');
INSERT INTO `contest_results` VALUES (953, 1, 1, 7, 7, '2024-05-10 16:12:05');
INSERT INTO `contest_results` VALUES (954, 4, 4, 2, 4, '2024-05-18 14:42:26');
INSERT INTO `contest_results` VALUES (955, 3, 3, 1, 5, '2024-05-20 19:53:15');
INSERT INTO `contest_results` VALUES (956, 1, 1, 3, 4, '2024-05-09 23:48:52');
INSERT INTO `contest_results` VALUES (957, 4, 4, 2, 3, '2024-05-14 08:57:55');
INSERT INTO `contest_results` VALUES (958, 4, 4, 1, 7, '2024-05-17 13:42:35');
INSERT INTO `contest_results` VALUES (959, 3, 3, 7, 6, '2024-05-11 02:54:40');
INSERT INTO `contest_results` VALUES (960, 4, 4, 4, 5, '2024-05-18 20:28:49');
INSERT INTO `contest_results` VALUES (961, 1, 1, 5, 7, '2024-05-03 08:19:22');
INSERT INTO `contest_results` VALUES (962, 3, 3, 6, 7, '2024-05-09 00:41:57');
INSERT INTO `contest_results` VALUES (963, 1, 1, 6, 8, '2024-05-13 20:30:25');
INSERT INTO `contest_results` VALUES (964, 3, 3, 7, 0, '2024-05-12 13:56:34');
INSERT INTO `contest_results` VALUES (965, 3, 3, 2, 3, '2024-05-07 14:31:24');
INSERT INTO `contest_results` VALUES (966, 4, 4, 1, 8, '2024-05-13 10:58:54');
INSERT INTO `contest_results` VALUES (967, 3, 3, 8, 2, '2024-05-04 04:07:23');
INSERT INTO `contest_results` VALUES (968, 1, 1, 3, 5, '2024-05-04 13:44:48');
INSERT INTO `contest_results` VALUES (969, 1, 1, 3, 4, '2024-05-07 11:19:37');
INSERT INTO `contest_results` VALUES (970, 1, 1, 4, 5, '2024-05-07 09:51:30');
INSERT INTO `contest_results` VALUES (971, 3, 3, 2, 3, '2024-05-08 14:25:40');
INSERT INTO `contest_results` VALUES (972, 3, 3, 4, 1, '2024-05-10 23:07:00');
INSERT INTO `contest_results` VALUES (973, 4, 4, 4, 8, '2024-05-17 11:11:42');
INSERT INTO `contest_results` VALUES (974, 4, 4, 5, 1, '2024-05-14 23:55:56');
INSERT INTO `contest_results` VALUES (975, 3, 3, 3, 5, '2024-05-11 17:59:14');
INSERT INTO `contest_results` VALUES (976, 1, 1, 4, 1, '2024-05-17 23:15:59');
INSERT INTO `contest_results` VALUES (977, 4, 4, 7, 7, '2024-05-15 13:32:00');
INSERT INTO `contest_results` VALUES (978, 4, 4, 3, 1, '2024-05-13 17:43:11');
INSERT INTO `contest_results` VALUES (979, 3, 3, 6, 2, '2024-05-20 09:45:40');
INSERT INTO `contest_results` VALUES (980, 3, 3, 5, 4, '2024-05-03 06:03:06');
INSERT INTO `contest_results` VALUES (981, 1, 1, 1, 7, '2024-05-09 00:27:16');
INSERT INTO `contest_results` VALUES (982, 4, 4, 7, 2, '2024-05-07 13:49:25');
INSERT INTO `contest_results` VALUES (983, 1, 1, 2, 8, '2024-05-18 19:28:34');
INSERT INTO `contest_results` VALUES (984, 1, 1, 4, 1, '2024-05-04 16:08:14');
INSERT INTO `contest_results` VALUES (985, 3, 3, 5, 4, '2024-05-17 11:30:43');
INSERT INTO `contest_results` VALUES (986, 1, 1, 6, 8, '2024-05-13 03:05:04');
INSERT INTO `contest_results` VALUES (987, 4, 4, 7, 5, '2024-05-18 02:59:10');
INSERT INTO `contest_results` VALUES (988, 1, 1, 8, 3, '2024-05-09 08:13:27');
INSERT INTO `contest_results` VALUES (989, 3, 3, 1, 5, '2024-05-13 19:27:37');
INSERT INTO `contest_results` VALUES (990, 1, 1, 2, 7, '2024-05-04 19:47:04');
INSERT INTO `contest_results` VALUES (991, 1, 1, 0, 7, '2024-05-06 21:59:02');
INSERT INTO `contest_results` VALUES (992, 3, 3, 3, 1, '2024-05-16 22:35:01');
INSERT INTO `contest_results` VALUES (993, 1, 1, 5, 4, '2024-05-02 02:59:56');
INSERT INTO `contest_results` VALUES (994, 3, 3, 3, 4, '2024-05-12 15:55:02');
INSERT INTO `contest_results` VALUES (995, 3, 3, 4, 6, '2024-05-03 17:28:38');
INSERT INTO `contest_results` VALUES (996, 1, 1, 2, 8, '2024-05-08 11:05:53');
INSERT INTO `contest_results` VALUES (997, 1, 1, 4, 0, '2024-05-03 01:10:51');
INSERT INTO `contest_results` VALUES (998, 3, 3, 6, 5, '2024-05-05 13:21:03');
INSERT INTO `contest_results` VALUES (999, 1, 1, 5, 1, '2024-05-20 03:43:20');
INSERT INTO `contest_results` VALUES (1000, 1, 1, 7, 7, '2024-05-09 06:45:21');
INSERT INTO `contest_results` VALUES (1001, 3, 3, 3, 3, '2024-05-10 12:28:44');
INSERT INTO `contest_results` VALUES (1002, 1, 1, 5, 3, '2024-05-08 00:42:35');
INSERT INTO `contest_results` VALUES (1003, 3, 3, 7, 7, '2024-05-20 04:05:15');
INSERT INTO `contest_results` VALUES (1004, 1, 1, 3, 7, '2024-05-05 16:12:54');
INSERT INTO `contest_results` VALUES (1005, 3, 3, 1, 4, '2024-05-11 14:42:04');
INSERT INTO `contest_results` VALUES (1006, 3, 3, 3, 5, '2024-05-11 12:44:08');
INSERT INTO `contest_results` VALUES (1007, 3, 3, 6, 4, '2024-05-06 04:23:29');
INSERT INTO `contest_results` VALUES (1008, 1, 1, 4, 3, '2024-05-07 15:35:34');
INSERT INTO `contest_results` VALUES (1009, 5, 1, 1, 2, '2024-06-15 02:52:34');

-- ----------------------------
-- Table structure for options
-- ----------------------------
DROP TABLE IF EXISTS `options`;
CREATE TABLE `options`  (
  `option_id` int NOT NULL AUTO_INCREMENT,
  `question_id` int NULL DEFAULT NULL,
  `content` varchar(500) CHARACTER SET utf8mb4 COLLATE utf8mb4_general_ci NULL DEFAULT NULL,
  PRIMARY KEY (`option_id`) USING BTREE,
  INDEX `question_id`(`question_id` ASC) USING BTREE,
  CONSTRAINT `options_ibfk_1` FOREIGN KEY (`question_id`) REFERENCES `questions` (`question_id`) ON DELETE RESTRICT ON UPDATE RESTRICT
) ENGINE = InnoDB AUTO_INCREMENT = 813 CHARACTER SET = utf8mb4 COLLATE = utf8mb4_general_ci ROW_FORMAT = Dynamic;

-- ----------------------------
-- Records of options
-- ----------------------------
INSERT INTO `options` VALUES (1, 1, '');
INSERT INTO `options` VALUES (2, 1, '');
INSERT INTO `options` VALUES (3, 1, '');
INSERT INTO `options` VALUES (4, 2, '');
INSERT INTO `options` VALUES (5, 2, '');
INSERT INTO `options` VALUES (6, 2, '');
INSERT INTO `options` VALUES (7, 3, '');
INSERT INTO `options` VALUES (8, 3, '');
INSERT INTO `options` VALUES (9, 3, '');
INSERT INTO `options` VALUES (10, 4, ', , ?');
INSERT INTO `options` VALUES (11, 4, ', , ?');
INSERT INTO `options` VALUES (12, 4, ', , ?');
INSERT INTO `options` VALUES (13, 5, '');
INSERT INTO `options` VALUES (14, 5, '');
INSERT INTO `options` VALUES (15, 5, '');
INSERT INTO `options` VALUES (16, 6, '');
INSERT INTO `options` VALUES (17, 6, '');
INSERT INTO `options` VALUES (18, 6, '');
INSERT INTO `options` VALUES (19, 7, '');
INSERT INTO `options` VALUES (20, 7, '');
INSERT INTO `options` VALUES (21, 7, '');
INSERT INTO `options` VALUES (22, 8, '');
INSERT INTO `options` VALUES (23, 8, '');
INSERT INTO `options` VALUES (24, 8, '');
INSERT INTO `options` VALUES (25, 9, '');
INSERT INTO `options` VALUES (26, 9, '');
INSERT INTO `options` VALUES (27, 9, '');
INSERT INTO `options` VALUES (28, 10, ', ');
INSERT INTO `options` VALUES (29, 10, ', ');
INSERT INTO `options` VALUES (30, 10, ', ');
INSERT INTO `options` VALUES (31, 11, '');
INSERT INTO `options` VALUES (32, 11, '');
INSERT INTO `options` VALUES (33, 11, '.');
INSERT INTO `options` VALUES (34, 12, '');
INSERT INTO `options` VALUES (35, 12, '');
INSERT INTO `options` VALUES (36, 12, '');
INSERT INTO `options` VALUES (37, 13, '');
INSERT INTO `options` VALUES (38, 13, '');
INSERT INTO `options` VALUES (39, 13, '');
INSERT INTO `options` VALUES (40, 14, ', ');
INSERT INTO `options` VALUES (41, 14, ', ');
INSERT INTO `options` VALUES (42, 14, ', ');
INSERT INTO `options` VALUES (43, 15, '');
INSERT INTO `options` VALUES (44, 15, '');
INSERT INTO `options` VALUES (45, 15, '');
INSERT INTO `options` VALUES (46, 16, '');
INSERT INTO `options` VALUES (47, 16, '');
INSERT INTO `options` VALUES (48, 16, '');
INSERT INTO `options` VALUES (49, 17, '');
INSERT INTO `options` VALUES (50, 17, '');
INSERT INTO `options` VALUES (51, 17, '');
INSERT INTO `options` VALUES (52, 17, '');
INSERT INTO `options` VALUES (53, 18, '');
INSERT INTO `options` VALUES (54, 18, '');
INSERT INTO `options` VALUES (55, 18, '');
INSERT INTO `options` VALUES (56, 18, '');
INSERT INTO `options` VALUES (57, 19, '');
INSERT INTO `options` VALUES (58, 19, '');
INSERT INTO `options` VALUES (59, 19, '');
INSERT INTO `options` VALUES (60, 19, '');
INSERT INTO `options` VALUES (61, 20, '');
INSERT INTO `options` VALUES (62, 20, '');
INSERT INTO `options` VALUES (63, 20, '');
INSERT INTO `options` VALUES (64, 20, '');
INSERT INTO `options` VALUES (65, 21, '');
INSERT INTO `options` VALUES (66, 21, '');
INSERT INTO `options` VALUES (67, 21, '');
INSERT INTO `options` VALUES (68, 21, '');
INSERT INTO `options` VALUES (69, 22, '');
INSERT INTO `options` VALUES (70, 22, '');
INSERT INTO `options` VALUES (71, 22, '');
INSERT INTO `options` VALUES (72, 22, '');
INSERT INTO `options` VALUES (73, 23, '');
INSERT INTO `options` VALUES (74, 23, '');
INSERT INTO `options` VALUES (75, 23, '');
INSERT INTO `options` VALUES (76, 23, '');
INSERT INTO `options` VALUES (77, 24, '984');
INSERT INTO `options` VALUES (78, 24, '1084');
INSERT INTO `options` VALUES (79, 24, '1184');
INSERT INTO `options` VALUES (80, 24, '1284');
INSERT INTO `options` VALUES (81, 25, '');
INSERT INTO `options` VALUES (82, 25, '');
INSERT INTO `options` VALUES (83, 25, '');
INSERT INTO `options` VALUES (84, 25, '');
INSERT INTO `options` VALUES (85, 26, '');
INSERT INTO `options` VALUES (86, 26, '');
INSERT INTO `options` VALUES (87, 26, '');
INSERT INTO `options` VALUES (88, 26, '');
INSERT INTO `options` VALUES (89, 27, '');
INSERT INTO `options` VALUES (90, 27, '');
INSERT INTO `options` VALUES (91, 27, '');
INSERT INTO `options` VALUES (92, 27, '');
INSERT INTO `options` VALUES (93, 28, '');
INSERT INTO `options` VALUES (94, 28, '');
INSERT INTO `options` VALUES (95, 28, '');
INSERT INTO `options` VALUES (96, 28, '');
INSERT INTO `options` VALUES (97, 29, '');
INSERT INTO `options` VALUES (98, 29, '');
INSERT INTO `options` VALUES (99, 29, '');
INSERT INTO `options` VALUES (100, 29, '');
INSERT INTO `options` VALUES (101, 30, '');
INSERT INTO `options` VALUES (102, 30, '');
INSERT INTO `options` VALUES (103, 30, '');
INSERT INTO `options` VALUES (104, 30, '');
INSERT INTO `options` VALUES (105, 31, '');
INSERT INTO `options` VALUES (106, 31, '');
INSERT INTO `options` VALUES (107, 31, '');
INSERT INTO `options` VALUES (108, 31, '');
INSERT INTO `options` VALUES (109, 32, '');
INSERT INTO `options` VALUES (110, 32, '');
INSERT INTO `options` VALUES (111, 32, '');
INSERT INTO `options` VALUES (112, 32, '');
INSERT INTO `options` VALUES (113, 33, '');
INSERT INTO `options` VALUES (114, 33, '');
INSERT INTO `options` VALUES (115, 33, '');
INSERT INTO `options` VALUES (116, 33, '');
INSERT INTO `options` VALUES (117, 34, '');
INSERT INTO `options` VALUES (118, 34, '');
INSERT INTO `options` VALUES (119, 34, '');
INSERT INTO `options` VALUES (120, 34, '');
INSERT INTO `options` VALUES (121, 35, '');
INSERT INTO `options` VALUES (122, 35, '');
INSERT INTO `options` VALUES (123, 35, '');
INSERT INTO `options` VALUES (124, 35, '');
INSERT INTO `options` VALUES (125, 36, '');
INSERT INTO `options` VALUES (126, 36, '');
INSERT INTO `options` VALUES (127, 36, '');
INSERT INTO `options` VALUES (128, 36, '');
INSERT INTO `options` VALUES (129, 37, '');
INSERT INTO `options` VALUES (130, 37, '');
INSERT INTO `options` VALUES (131, 37, '');
INSERT INTO `options` VALUES (132, 37, '');
INSERT INTO `options` VALUES (133, 38, '');
INSERT INTO `options` VALUES (134, 38, '');
INSERT INTO `options` VALUES (135, 38, '');
INSERT INTO `options` VALUES (136, 38, '');
INSERT INTO `options` VALUES (137, 39, '');
INSERT INTO `options` VALUES (138, 39, '');
INSERT INTO `options` VALUES (139, 39, '');
INSERT INTO `options` VALUES (140, 39, '');
INSERT INTO `options` VALUES (141, 40, '');
INSERT INTO `options` VALUES (142, 40, '');
INSERT INTO `options` VALUES (143, 40, '');
INSERT INTO `options` VALUES (144, 40, '');
INSERT INTO `options` VALUES (145, 41, '');
INSERT INTO `options` VALUES (146, 41, '');
INSERT INTO `options` VALUES (147, 41, '');
INSERT INTO `options` VALUES (148, 41, '');
INSERT INTO `options` VALUES (149, 42, '');
INSERT INTO `options` VALUES (150, 42, '');
INSERT INTO `options` VALUES (151, 42, '');
INSERT INTO `options` VALUES (152, 42, '');
INSERT INTO `options` VALUES (153, 43, '');
INSERT INTO `options` VALUES (154, 43, '');
INSERT INTO `options` VALUES (155, 43, '');
INSERT INTO `options` VALUES (156, 43, '');
INSERT INTO `options` VALUES (157, 44, '');
INSERT INTO `options` VALUES (158, 44, '');
INSERT INTO `options` VALUES (159, 44, '');
INSERT INTO `options` VALUES (160, 44, '');
INSERT INTO `options` VALUES (161, 45, '');
INSERT INTO `options` VALUES (162, 45, '');
INSERT INTO `options` VALUES (163, 45, '');
INSERT INTO `options` VALUES (164, 45, '');
INSERT INTO `options` VALUES (165, 46, '');
INSERT INTO `options` VALUES (166, 46, '');
INSERT INTO `options` VALUES (167, 46, '');
INSERT INTO `options` VALUES (168, 46, '');
INSERT INTO `options` VALUES (169, 47, '');
INSERT INTO `options` VALUES (170, 47, '');
INSERT INTO `options` VALUES (171, 47, '');
INSERT INTO `options` VALUES (172, 47, '');
INSERT INTO `options` VALUES (173, 48, '');
INSERT INTO `options` VALUES (174, 48, '');
INSERT INTO `options` VALUES (175, 48, '');
INSERT INTO `options` VALUES (176, 48, '');
INSERT INTO `options` VALUES (177, 49, '');
INSERT INTO `options` VALUES (178, 49, '');
INSERT INTO `options` VALUES (179, 49, '');
INSERT INTO `options` VALUES (180, 49, '');
INSERT INTO `options` VALUES (181, 50, '');
INSERT INTO `options` VALUES (182, 50, '()');
INSERT INTO `options` VALUES (183, 50, '');
INSERT INTO `options` VALUES (184, 50, '');
INSERT INTO `options` VALUES (185, 51, '');
INSERT INTO `options` VALUES (186, 51, '');
INSERT INTO `options` VALUES (187, 51, '');
INSERT INTO `options` VALUES (188, 51, '');
INSERT INTO `options` VALUES (189, 52, '');
INSERT INTO `options` VALUES (190, 52, '');
INSERT INTO `options` VALUES (191, 52, '');
INSERT INTO `options` VALUES (192, 52, '');
INSERT INTO `options` VALUES (193, 53, '');
INSERT INTO `options` VALUES (194, 53, '');
INSERT INTO `options` VALUES (195, 53, '');
INSERT INTO `options` VALUES (196, 53, '');
INSERT INTO `options` VALUES (197, 54, '');
INSERT INTO `options` VALUES (198, 54, '');
INSERT INTO `options` VALUES (199, 54, '');
INSERT INTO `options` VALUES (200, 54, '');
INSERT INTO `options` VALUES (201, 55, '');
INSERT INTO `options` VALUES (202, 55, '');
INSERT INTO `options` VALUES (203, 55, '');
INSERT INTO `options` VALUES (204, 55, '');
INSERT INTO `options` VALUES (205, 56, '');
INSERT INTO `options` VALUES (206, 56, '');
INSERT INTO `options` VALUES (207, 56, '');
INSERT INTO `options` VALUES (208, 56, '');
INSERT INTO `options` VALUES (209, 57, '');
INSERT INTO `options` VALUES (210, 57, '');
INSERT INTO `options` VALUES (211, 57, '');
INSERT INTO `options` VALUES (212, 57, '');
INSERT INTO `options` VALUES (213, 58, '');
INSERT INTO `options` VALUES (214, 58, '');
INSERT INTO `options` VALUES (215, 58, '');
INSERT INTO `options` VALUES (216, 58, '');
INSERT INTO `options` VALUES (217, 59, '');
INSERT INTO `options` VALUES (218, 59, '');
INSERT INTO `options` VALUES (219, 59, '');
INSERT INTO `options` VALUES (220, 59, '');
INSERT INTO `options` VALUES (221, 60, '');
INSERT INTO `options` VALUES (222, 60, '');
INSERT INTO `options` VALUES (223, 60, '');
INSERT INTO `options` VALUES (224, 60, '');
INSERT INTO `options` VALUES (225, 61, '');
INSERT INTO `options` VALUES (226, 61, '');
INSERT INTO `options` VALUES (227, 61, '');
INSERT INTO `options` VALUES (228, 61, '');
INSERT INTO `options` VALUES (229, 62, '');
INSERT INTO `options` VALUES (230, 62, '');
INSERT INTO `options` VALUES (231, 62, '');
INSERT INTO `options` VALUES (232, 62, '');
INSERT INTO `options` VALUES (233, 63, '');
INSERT INTO `options` VALUES (234, 63, '');
INSERT INTO `options` VALUES (235, 63, '');
INSERT INTO `options` VALUES (236, 63, '');
INSERT INTO `options` VALUES (237, 64, '');
INSERT INTO `options` VALUES (238, 64, '');
INSERT INTO `options` VALUES (239, 64, '');
INSERT INTO `options` VALUES (240, 64, '');
INSERT INTO `options` VALUES (241, 65, '');
INSERT INTO `options` VALUES (242, 65, '');
INSERT INTO `options` VALUES (243, 65, '');
INSERT INTO `options` VALUES (244, 65, '');
INSERT INTO `options` VALUES (245, 66, '');
INSERT INTO `options` VALUES (246, 66, '');
INSERT INTO `options` VALUES (247, 66, '');
INSERT INTO `options` VALUES (248, 66, '');
INSERT INTO `options` VALUES (249, 67, '');
INSERT INTO `options` VALUES (250, 67, '');
INSERT INTO `options` VALUES (251, 67, '');
INSERT INTO `options` VALUES (252, 67, '');
INSERT INTO `options` VALUES (253, 68, '');
INSERT INTO `options` VALUES (254, 68, '');
INSERT INTO `options` VALUES (255, 68, '');
INSERT INTO `options` VALUES (256, 68, '');
INSERT INTO `options` VALUES (257, 69, '');
INSERT INTO `options` VALUES (258, 69, '');
INSERT INTO `options` VALUES (259, 69, '');
INSERT INTO `options` VALUES (260, 69, '');
INSERT INTO `options` VALUES (261, 70, '');
INSERT INTO `options` VALUES (262, 70, '');
INSERT INTO `options` VALUES (263, 70, '');
INSERT INTO `options` VALUES (264, 70, '');
INSERT INTO `options` VALUES (265, 71, '');
INSERT INTO `options` VALUES (266, 71, '');
INSERT INTO `options` VALUES (267, 71, '');
INSERT INTO `options` VALUES (268, 71, '');
INSERT INTO `options` VALUES (269, 72, '');
INSERT INTO `options` VALUES (270, 72, '');
INSERT INTO `options` VALUES (271, 72, '');
INSERT INTO `options` VALUES (272, 72, '');
INSERT INTO `options` VALUES (273, 73, '');
INSERT INTO `options` VALUES (274, 73, '');
INSERT INTO `options` VALUES (275, 73, '');
INSERT INTO `options` VALUES (276, 73, '');
INSERT INTO `options` VALUES (277, 74, '');
INSERT INTO `options` VALUES (278, 74, '');
INSERT INTO `options` VALUES (279, 74, '');
INSERT INTO `options` VALUES (280, 74, '');
INSERT INTO `options` VALUES (281, 75, '');
INSERT INTO `options` VALUES (282, 75, '');
INSERT INTO `options` VALUES (283, 75, '');
INSERT INTO `options` VALUES (284, 75, '');
INSERT INTO `options` VALUES (285, 76, '');
INSERT INTO `options` VALUES (286, 76, '');
INSERT INTO `options` VALUES (287, 76, '');
INSERT INTO `options` VALUES (288, 76, '');
INSERT INTO `options` VALUES (289, 77, '');
INSERT INTO `options` VALUES (290, 77, '');
INSERT INTO `options` VALUES (291, 77, '');
INSERT INTO `options` VALUES (292, 77, '');
INSERT INTO `options` VALUES (293, 78, '');
INSERT INTO `options` VALUES (294, 78, '');
INSERT INTO `options` VALUES (295, 78, '');
INSERT INTO `options` VALUES (296, 78, '');
INSERT INTO `options` VALUES (297, 79, '');
INSERT INTO `options` VALUES (298, 79, '');
INSERT INTO `options` VALUES (299, 79, '');
INSERT INTO `options` VALUES (300, 79, '');
INSERT INTO `options` VALUES (301, 80, '');
INSERT INTO `options` VALUES (302, 80, '');
INSERT INTO `options` VALUES (303, 80, '');
INSERT INTO `options` VALUES (304, 80, '');
INSERT INTO `options` VALUES (305, 81, '');
INSERT INTO `options` VALUES (306, 81, '');
INSERT INTO `options` VALUES (307, 81, '');
INSERT INTO `options` VALUES (308, 81, '');
INSERT INTO `options` VALUES (309, 82, '');
INSERT INTO `options` VALUES (310, 82, '');
INSERT INTO `options` VALUES (311, 82, '');
INSERT INTO `options` VALUES (312, 82, '');
INSERT INTO `options` VALUES (313, 83, '');
INSERT INTO `options` VALUES (314, 83, '');
INSERT INTO `options` VALUES (315, 83, '');
INSERT INTO `options` VALUES (316, 83, '');
INSERT INTO `options` VALUES (317, 84, '');
INSERT INTO `options` VALUES (318, 84, '');
INSERT INTO `options` VALUES (319, 84, '');
INSERT INTO `options` VALUES (320, 84, '');
INSERT INTO `options` VALUES (321, 85, '');
INSERT INTO `options` VALUES (322, 85, '');
INSERT INTO `options` VALUES (323, 85, '');
INSERT INTO `options` VALUES (324, 85, '');
INSERT INTO `options` VALUES (325, 86, '');
INSERT INTO `options` VALUES (326, 86, '');
INSERT INTO `options` VALUES (327, 86, '');
INSERT INTO `options` VALUES (328, 86, '');
INSERT INTO `options` VALUES (329, 87, '');
INSERT INTO `options` VALUES (330, 87, '');
INSERT INTO `options` VALUES (331, 87, '');
INSERT INTO `options` VALUES (332, 87, '');
INSERT INTO `options` VALUES (333, 88, '');
INSERT INTO `options` VALUES (334, 88, '');
INSERT INTO `options` VALUES (335, 88, '');
INSERT INTO `options` VALUES (336, 88, '');
INSERT INTO `options` VALUES (337, 89, '');
INSERT INTO `options` VALUES (338, 89, '');
INSERT INTO `options` VALUES (339, 89, '');
INSERT INTO `options` VALUES (340, 89, '');
INSERT INTO `options` VALUES (341, 90, '');
INSERT INTO `options` VALUES (342, 90, '');
INSERT INTO `options` VALUES (343, 90, '');
INSERT INTO `options` VALUES (344, 90, '');
INSERT INTO `options` VALUES (345, 91, '');
INSERT INTO `options` VALUES (346, 91, '');
INSERT INTO `options` VALUES (347, 91, '');
INSERT INTO `options` VALUES (348, 91, '');
INSERT INTO `options` VALUES (349, 92, '');
INSERT INTO `options` VALUES (350, 92, '');
INSERT INTO `options` VALUES (351, 92, '');
INSERT INTO `options` VALUES (352, 92, '');
INSERT INTO `options` VALUES (353, 93, '');
INSERT INTO `options` VALUES (354, 93, '');
INSERT INTO `options` VALUES (355, 93, '');
INSERT INTO `options` VALUES (356, 93, '');
INSERT INTO `options` VALUES (357, 94, '');
INSERT INTO `options` VALUES (358, 94, '');
INSERT INTO `options` VALUES (359, 94, '');
INSERT INTO `options` VALUES (360, 94, '');
INSERT INTO `options` VALUES (361, 95, '');
INSERT INTO `options` VALUES (362, 95, '');
INSERT INTO `options` VALUES (363, 95, '');
INSERT INTO `options` VALUES (364, 95, '');
INSERT INTO `options` VALUES (365, 96, '');
INSERT INTO `options` VALUES (366, 96, '');
INSERT INTO `options` VALUES (367, 96, '');
INSERT INTO `options` VALUES (368, 96, '');
INSERT INTO `options` VALUES (369, 97, '');
INSERT INTO `options` VALUES (370, 97, '');
INSERT INTO `options` VALUES (371, 97, '');
INSERT INTO `options` VALUES (372, 97, '');
INSERT INTO `options` VALUES (373, 98, '');
INSERT INTO `options` VALUES (374, 98, '');
INSERT INTO `options` VALUES (375, 98, '');
INSERT INTO `options` VALUES (376, 98, '');
INSERT INTO `options` VALUES (377, 99, '');
INSERT INTO `options` VALUES (378, 99, '');
INSERT INTO `options` VALUES (379, 99, '');
INSERT INTO `options` VALUES (380, 99, '');
INSERT INTO `options` VALUES (381, 100, '');
INSERT INTO `options` VALUES (382, 100, '');
INSERT INTO `options` VALUES (383, 100, '');
INSERT INTO `options` VALUES (384, 100, '');
INSERT INTO `options` VALUES (385, 101, '');
INSERT INTO `options` VALUES (386, 101, '');
INSERT INTO `options` VALUES (387, 101, '');
INSERT INTO `options` VALUES (388, 101, '');
INSERT INTO `options` VALUES (389, 102, '');
INSERT INTO `options` VALUES (390, 102, '');
INSERT INTO `options` VALUES (391, 102, '');
INSERT INTO `options` VALUES (392, 102, '');
INSERT INTO `options` VALUES (393, 103, '');
INSERT INTO `options` VALUES (394, 103, '\"\"');
INSERT INTO `options` VALUES (395, 103, '\"\"');
INSERT INTO `options` VALUES (396, 103, '.');
INSERT INTO `options` VALUES (397, 104, '\"\"');
INSERT INTO `options` VALUES (398, 104, '.\"\".\"\"\"\".');
INSERT INTO `options` VALUES (399, 104, '');
INSERT INTO `options` VALUES (400, 104, '.');
INSERT INTO `options` VALUES (401, 105, '');
INSERT INTO `options` VALUES (402, 105, '\"\"\"\"');
INSERT INTO `options` VALUES (403, 105, '..');
INSERT INTO `options` VALUES (404, 105, '..');
INSERT INTO `options` VALUES (405, 106, '');
INSERT INTO `options` VALUES (406, 106, '');
INSERT INTO `options` VALUES (407, 106, '...');
INSERT INTO `options` VALUES (408, 106, '\"\"');
INSERT INTO `options` VALUES (409, 106, '\"\"');
INSERT INTO `options` VALUES (410, 107, '.\"\"\"\"');
INSERT INTO `options` VALUES (411, 107, '\"\"\"\"');
INSERT INTO `options` VALUES (412, 107, '\"\"');
INSERT INTO `options` VALUES (413, 107, '');
INSERT INTO `options` VALUES (414, 108, '\'\'');
INSERT INTO `options` VALUES (415, 108, '\"\"\"\"');
INSERT INTO `options` VALUES (416, 108, '');
INSERT INTO `options` VALUES (417, 108, '');
INSERT INTO `options` VALUES (418, 109, '');
INSERT INTO `options` VALUES (419, 109, '\"\"\"\"\"\".');
INSERT INTO `options` VALUES (420, 109, '\"\".');
INSERT INTO `options` VALUES (421, 109, '');
INSERT INTO `options` VALUES (422, 110, '');
INSERT INTO `options` VALUES (423, 110, '\"\"');
INSERT INTO `options` VALUES (424, 110, '\"\"');
INSERT INTO `options` VALUES (425, 110, '');
INSERT INTO `options` VALUES (426, 111, '');
INSERT INTO `options` VALUES (427, 111, '\"\"\"\"');
INSERT INTO `options` VALUES (428, 111, '\"\"\"\"jin');
INSERT INTO `options` VALUES (429, 111, '.');
INSERT INTO `options` VALUES (430, 112, '');
INSERT INTO `options` VALUES (431, 112, '.');
INSERT INTO `options` VALUES (432, 112, '\"\"\"\"\"\"');
INSERT INTO `options` VALUES (433, 112, '\"\".\"\".\"\".\"\"');
INSERT INTO `options` VALUES (434, 113, '');
INSERT INTO `options` VALUES (435, 113, '.');
INSERT INTO `options` VALUES (436, 113, '.');
INSERT INTO `options` VALUES (437, 113, '\"\"');
INSERT INTO `options` VALUES (438, 114, '');
INSERT INTO `options` VALUES (439, 114, '\"\"');
INSERT INTO `options` VALUES (440, 114, '\"\"\"\"\"\"');
INSERT INTO `options` VALUES (441, 114, '');
INSERT INTO `options` VALUES (442, 115, '');
INSERT INTO `options` VALUES (443, 115, '');
INSERT INTO `options` VALUES (444, 115, '');
INSERT INTO `options` VALUES (445, 115, '\"\"');
INSERT INTO `options` VALUES (446, 116, '');
INSERT INTO `options` VALUES (447, 116, '');
INSERT INTO `options` VALUES (448, 116, '');
INSERT INTO `options` VALUES (449, 116, '--');
INSERT INTO `options` VALUES (450, 117, '\"\"');
INSERT INTO `options` VALUES (451, 117, '\"\"');
INSERT INTO `options` VALUES (452, 117, '\"\"');
INSERT INTO `options` VALUES (453, 117, '');
INSERT INTO `options` VALUES (454, 118, '');
INSERT INTO `options` VALUES (455, 118, '\"\"\"\"\"\".');
INSERT INTO `options` VALUES (456, 118, '\"\"');
INSERT INTO `options` VALUES (457, 118, '\"\"');
INSERT INTO `options` VALUES (458, 119, '.\"\"');
INSERT INTO `options` VALUES (459, 119, '.');
INSERT INTO `options` VALUES (460, 119, '\"\"');
INSERT INTO `options` VALUES (461, 119, '\"\"');
INSERT INTO `options` VALUES (462, 120, '');
INSERT INTO `options` VALUES (463, 120, '..');
INSERT INTO `options` VALUES (464, 120, '.');
INSERT INTO `options` VALUES (465, 120, '');
INSERT INTO `options` VALUES (466, 121, '\"\";\"\"');
INSERT INTO `options` VALUES (467, 121, '\"\"\"\"\"\"\"\"');
INSERT INTO `options` VALUES (468, 121, '\"\"\"\";\"\"\"\"');
INSERT INTO `options` VALUES (469, 121, '\"\".\"\".\"\".\"\"');
INSERT INTO `options` VALUES (470, 122, '.');
INSERT INTO `options` VALUES (471, 122, '\"\";');
INSERT INTO `options` VALUES (472, 122, '\"\"\"\"!\"\"');
INSERT INTO `options` VALUES (473, 122, '\"\"\"\"\"\"\"\".');
INSERT INTO `options` VALUES (474, 123, '');
INSERT INTO `options` VALUES (475, 123, '');
INSERT INTO `options` VALUES (476, 123, '');
INSERT INTO `options` VALUES (477, 123, '');
INSERT INTO `options` VALUES (478, 124, '');
INSERT INTO `options` VALUES (479, 124, '.');
INSERT INTO `options` VALUES (480, 124, '\"\"');
INSERT INTO `options` VALUES (481, 124, '');
INSERT INTO `options` VALUES (482, 125, '.');
INSERT INTO `options` VALUES (483, 125, '.');
INSERT INTO `options` VALUES (484, 125, '.');
INSERT INTO `options` VALUES (485, 125, '.\"\".\"\"');
INSERT INTO `options` VALUES (486, 126, '');
INSERT INTO `options` VALUES (487, 126, '');
INSERT INTO `options` VALUES (488, 126, '');
INSERT INTO `options` VALUES (489, 127, '');
INSERT INTO `options` VALUES (490, 127, '');
INSERT INTO `options` VALUES (491, 127, '');
INSERT INTO `options` VALUES (492, 128, '');
INSERT INTO `options` VALUES (493, 128, '');
INSERT INTO `options` VALUES (494, 128, '');
INSERT INTO `options` VALUES (495, 129, '');
INSERT INTO `options` VALUES (496, 129, '');
INSERT INTO `options` VALUES (497, 129, '');
INSERT INTO `options` VALUES (498, 130, '');
INSERT INTO `options` VALUES (499, 130, '');
INSERT INTO `options` VALUES (500, 130, '');
INSERT INTO `options` VALUES (501, 131, '');
INSERT INTO `options` VALUES (502, 131, '');
INSERT INTO `options` VALUES (503, 131, '');
INSERT INTO `options` VALUES (504, 132, '');
INSERT INTO `options` VALUES (505, 132, '');
INSERT INTO `options` VALUES (506, 132, '');
INSERT INTO `options` VALUES (507, 133, '');
INSERT INTO `options` VALUES (508, 133, '');
INSERT INTO `options` VALUES (509, 133, '');
INSERT INTO `options` VALUES (510, 134, '');
INSERT INTO `options` VALUES (511, 134, '');
INSERT INTO `options` VALUES (512, 134, '');
INSERT INTO `options` VALUES (513, 135, '');
INSERT INTO `options` VALUES (514, 135, '');
INSERT INTO `options` VALUES (515, 135, '');
INSERT INTO `options` VALUES (516, 136, '');
INSERT INTO `options` VALUES (517, 136, '');
INSERT INTO `options` VALUES (518, 136, '');
INSERT INTO `options` VALUES (519, 137, '');
INSERT INTO `options` VALUES (520, 137, '');
INSERT INTO `options` VALUES (521, 137, '');
INSERT INTO `options` VALUES (522, 138, '');
INSERT INTO `options` VALUES (523, 138, '');
INSERT INTO `options` VALUES (524, 138, '');
INSERT INTO `options` VALUES (525, 139, '');
INSERT INTO `options` VALUES (526, 139, '');
INSERT INTO `options` VALUES (527, 139, '');
INSERT INTO `options` VALUES (528, 140, '');
INSERT INTO `options` VALUES (529, 140, '');
INSERT INTO `options` VALUES (530, 140, '');
INSERT INTO `options` VALUES (531, 141, '');
INSERT INTO `options` VALUES (532, 141, '');
INSERT INTO `options` VALUES (533, 141, '');
INSERT INTO `options` VALUES (534, 142, '');
INSERT INTO `options` VALUES (535, 142, '');
INSERT INTO `options` VALUES (536, 142, '');
INSERT INTO `options` VALUES (537, 143, '');
INSERT INTO `options` VALUES (538, 143, '');
INSERT INTO `options` VALUES (539, 143, '');
INSERT INTO `options` VALUES (540, 144, '');
INSERT INTO `options` VALUES (541, 144, '');
INSERT INTO `options` VALUES (542, 144, '');
INSERT INTO `options` VALUES (543, 145, '');
INSERT INTO `options` VALUES (544, 145, '');
INSERT INTO `options` VALUES (545, 145, '');
INSERT INTO `options` VALUES (546, 146, '');
INSERT INTO `options` VALUES (547, 146, '');
INSERT INTO `options` VALUES (548, 146, '');
INSERT INTO `options` VALUES (549, 147, '');
INSERT INTO `options` VALUES (550, 147, '');
INSERT INTO `options` VALUES (551, 147, '');
INSERT INTO `options` VALUES (552, 148, '');
INSERT INTO `options` VALUES (553, 148, '');
INSERT INTO `options` VALUES (554, 148, '');
INSERT INTO `options` VALUES (555, 149, '');
INSERT INTO `options` VALUES (556, 149, '');
INSERT INTO `options` VALUES (557, 149, '');
INSERT INTO `options` VALUES (558, 150, '');
INSERT INTO `options` VALUES (559, 150, '');
INSERT INTO `options` VALUES (560, 150, '');
INSERT INTO `options` VALUES (561, 151, '');
INSERT INTO `options` VALUES (562, 151, '');
INSERT INTO `options` VALUES (563, 151, '');
INSERT INTO `options` VALUES (564, 152, '');
INSERT INTO `options` VALUES (565, 152, '');
INSERT INTO `options` VALUES (566, 152, '');
INSERT INTO `options` VALUES (567, 153, '');
INSERT INTO `options` VALUES (568, 153, '');
INSERT INTO `options` VALUES (569, 153, '');
INSERT INTO `options` VALUES (570, 154, '');
INSERT INTO `options` VALUES (571, 154, '');
INSERT INTO `options` VALUES (572, 154, '');
INSERT INTO `options` VALUES (573, 155, '');
INSERT INTO `options` VALUES (574, 155, '');
INSERT INTO `options` VALUES (575, 155, '');
INSERT INTO `options` VALUES (576, 156, '');
INSERT INTO `options` VALUES (577, 156, '');
INSERT INTO `options` VALUES (578, 156, '');
INSERT INTO `options` VALUES (579, 157, '');
INSERT INTO `options` VALUES (580, 157, '');
INSERT INTO `options` VALUES (581, 157, '');
INSERT INTO `options` VALUES (582, 158, '');
INSERT INTO `options` VALUES (583, 158, '');
INSERT INTO `options` VALUES (584, 158, '');
INSERT INTO `options` VALUES (585, 159, '');
INSERT INTO `options` VALUES (586, 159, '');
INSERT INTO `options` VALUES (587, 159, '');
INSERT INTO `options` VALUES (588, 160, '');
INSERT INTO `options` VALUES (589, 160, '');
INSERT INTO `options` VALUES (590, 160, '');
INSERT INTO `options` VALUES (591, 161, '');
INSERT INTO `options` VALUES (592, 161, '');
INSERT INTO `options` VALUES (593, 161, '');
INSERT INTO `options` VALUES (594, 162, '');
INSERT INTO `options` VALUES (595, 162, '');
INSERT INTO `options` VALUES (596, 162, '');
INSERT INTO `options` VALUES (597, 163, '');
INSERT INTO `options` VALUES (598, 163, '');
INSERT INTO `options` VALUES (599, 163, '');
INSERT INTO `options` VALUES (600, 164, '');
INSERT INTO `options` VALUES (601, 164, '');
INSERT INTO `options` VALUES (602, 164, '');
INSERT INTO `options` VALUES (603, 165, '');
INSERT INTO `options` VALUES (604, 165, '');
INSERT INTO `options` VALUES (605, 165, '');
INSERT INTO `options` VALUES (606, 166, '');
INSERT INTO `options` VALUES (607, 166, '');
INSERT INTO `options` VALUES (608, 166, '');
INSERT INTO `options` VALUES (609, 167, '');
INSERT INTO `options` VALUES (610, 167, '');
INSERT INTO `options` VALUES (611, 167, '');
INSERT INTO `options` VALUES (612, 168, '');
INSERT INTO `options` VALUES (613, 168, '');
INSERT INTO `options` VALUES (614, 168, '');
INSERT INTO `options` VALUES (615, 169, '');
INSERT INTO `options` VALUES (616, 169, '');
INSERT INTO `options` VALUES (617, 169, '');
INSERT INTO `options` VALUES (618, 170, '');
INSERT INTO `options` VALUES (619, 170, '');
INSERT INTO `options` VALUES (620, 170, '');
INSERT INTO `options` VALUES (621, 171, '');
INSERT INTO `options` VALUES (622, 171, '');
INSERT INTO `options` VALUES (623, 171, '');
INSERT INTO `options` VALUES (624, 172, '');
INSERT INTO `options` VALUES (625, 172, '');
INSERT INTO `options` VALUES (626, 172, '');
INSERT INTO `options` VALUES (627, 173, '');
INSERT INTO `options` VALUES (628, 173, '');
INSERT INTO `options` VALUES (629, 173, '');
INSERT INTO `options` VALUES (630, 174, '');
INSERT INTO `options` VALUES (631, 174, '');
INSERT INTO `options` VALUES (632, 174, '');
INSERT INTO `options` VALUES (633, 175, '');
INSERT INTO `options` VALUES (634, 175, '');
INSERT INTO `options` VALUES (635, 175, '');
INSERT INTO `options` VALUES (636, 176, '');
INSERT INTO `options` VALUES (637, 176, '');
INSERT INTO `options` VALUES (638, 176, '');
INSERT INTO `options` VALUES (639, 177, '');
INSERT INTO `options` VALUES (640, 177, '');
INSERT INTO `options` VALUES (641, 177, '');
INSERT INTO `options` VALUES (642, 178, '');
INSERT INTO `options` VALUES (643, 178, '');
INSERT INTO `options` VALUES (644, 178, '');
INSERT INTO `options` VALUES (645, 179, '');
INSERT INTO `options` VALUES (646, 179, '');
INSERT INTO `options` VALUES (647, 179, '');
INSERT INTO `options` VALUES (648, 180, '');
INSERT INTO `options` VALUES (649, 180, '');
INSERT INTO `options` VALUES (650, 180, '');
INSERT INTO `options` VALUES (651, 181, '');
INSERT INTO `options` VALUES (652, 181, '');
INSERT INTO `options` VALUES (653, 181, '');
INSERT INTO `options` VALUES (654, 182, '');
INSERT INTO `options` VALUES (655, 182, '');
INSERT INTO `options` VALUES (656, 182, '');
INSERT INTO `options` VALUES (657, 183, '');
INSERT INTO `options` VALUES (658, 183, '');
INSERT INTO `options` VALUES (659, 183, '');
INSERT INTO `options` VALUES (660, 183, '');
INSERT INTO `options` VALUES (661, 184, '');
INSERT INTO `options` VALUES (662, 184, '');
INSERT INTO `options` VALUES (663, 184, '');
INSERT INTO `options` VALUES (664, 185, '');
INSERT INTO `options` VALUES (665, 185, '');
INSERT INTO `options` VALUES (666, 185, '');
INSERT INTO `options` VALUES (667, 186, '');
INSERT INTO `options` VALUES (668, 186, '');
INSERT INTO `options` VALUES (669, 186, '');
INSERT INTO `options` VALUES (670, 187, '');
INSERT INTO `options` VALUES (671, 187, '');
INSERT INTO `options` VALUES (672, 187, '');
INSERT INTO `options` VALUES (673, 188, '');
INSERT INTO `options` VALUES (674, 188, '');
INSERT INTO `options` VALUES (675, 188, '');
INSERT INTO `options` VALUES (676, 189, '');
INSERT INTO `options` VALUES (677, 189, '');
INSERT INTO `options` VALUES (678, 189, '');
INSERT INTO `options` VALUES (679, 190, '');
INSERT INTO `options` VALUES (680, 190, '');
INSERT INTO `options` VALUES (681, 190, '');
INSERT INTO `options` VALUES (682, 191, '');
INSERT INTO `options` VALUES (683, 191, '');
INSERT INTO `options` VALUES (684, 191, '');
INSERT INTO `options` VALUES (685, 192, '');
INSERT INTO `options` VALUES (686, 192, '');
INSERT INTO `options` VALUES (687, 192, '');
INSERT INTO `options` VALUES (688, 193, '');
INSERT INTO `options` VALUES (689, 193, '');
INSERT INTO `options` VALUES (690, 193, '');
INSERT INTO `options` VALUES (691, 194, '');
INSERT INTO `options` VALUES (692, 194, '');
INSERT INTO `options` VALUES (693, 194, '');
INSERT INTO `options` VALUES (694, 195, '');
INSERT INTO `options` VALUES (695, 195, '');
INSERT INTO `options` VALUES (696, 195, '');
INSERT INTO `options` VALUES (697, 196, '');
INSERT INTO `options` VALUES (698, 196, '');
INSERT INTO `options` VALUES (699, 196, '');
INSERT INTO `options` VALUES (700, 197, '');
INSERT INTO `options` VALUES (701, 197, '');
INSERT INTO `options` VALUES (702, 197, '');
INSERT INTO `options` VALUES (703, 198, '');
INSERT INTO `options` VALUES (704, 198, '');
INSERT INTO `options` VALUES (705, 198, '');
INSERT INTO `options` VALUES (706, 199, '');
INSERT INTO `options` VALUES (707, 199, '');
INSERT INTO `options` VALUES (708, 199, '');
INSERT INTO `options` VALUES (709, 199, '');
INSERT INTO `options` VALUES (710, 200, '');
INSERT INTO `options` VALUES (711, 200, '');
INSERT INTO `options` VALUES (712, 200, '');
INSERT INTO `options` VALUES (713, 200, '');
INSERT INTO `options` VALUES (714, 201, '');
INSERT INTO `options` VALUES (715, 201, '');
INSERT INTO `options` VALUES (716, 201, '');
INSERT INTO `options` VALUES (717, 201, '');
INSERT INTO `options` VALUES (718, 202, '');
INSERT INTO `options` VALUES (719, 202, '');
INSERT INTO `options` VALUES (720, 202, '');
INSERT INTO `options` VALUES (721, 202, '');
INSERT INTO `options` VALUES (722, 203, '');
INSERT INTO `options` VALUES (723, 203, '');
INSERT INTO `options` VALUES (724, 203, '');
INSERT INTO `options` VALUES (725, 203, '');
INSERT INTO `options` VALUES (726, 204, '');
INSERT INTO `options` VALUES (727, 204, '');
INSERT INTO `options` VALUES (728, 204, '');
INSERT INTO `options` VALUES (729, 204, '');
INSERT INTO `options` VALUES (730, 205, '');
INSERT INTO `options` VALUES (731, 205, '');
INSERT INTO `options` VALUES (732, 205, '');
INSERT INTO `options` VALUES (733, 205, '');
INSERT INTO `options` VALUES (734, 206, '');
INSERT INTO `options` VALUES (735, 206, '');
INSERT INTO `options` VALUES (736, 206, '');
INSERT INTO `options` VALUES (737, 206, '');
INSERT INTO `options` VALUES (738, 207, '');
INSERT INTO `options` VALUES (739, 207, '');
INSERT INTO `options` VALUES (740, 207, '');
INSERT INTO `options` VALUES (741, 207, '');
INSERT INTO `options` VALUES (742, 208, '');
INSERT INTO `options` VALUES (743, 208, '');
INSERT INTO `options` VALUES (744, 208, '');
INSERT INTO `options` VALUES (745, 208, '');
INSERT INTO `options` VALUES (746, 209, '');
INSERT INTO `options` VALUES (747, 209, '');
INSERT INTO `options` VALUES (748, 209, '');
INSERT INTO `options` VALUES (749, 209, '');
INSERT INTO `options` VALUES (750, 210, '');
INSERT INTO `options` VALUES (751, 210, '');
INSERT INTO `options` VALUES (752, 210, '');
INSERT INTO `options` VALUES (753, 210, '');
INSERT INTO `options` VALUES (754, 211, '');
INSERT INTO `options` VALUES (755, 211, '');
INSERT INTO `options` VALUES (756, 211, '');
INSERT INTO `options` VALUES (757, 211, '');
INSERT INTO `options` VALUES (758, 212, '');
INSERT INTO `options` VALUES (759, 212, '');
INSERT INTO `options` VALUES (760, 212, '');
INSERT INTO `options` VALUES (761, 212, '');
INSERT INTO `options` VALUES (762, 213, '');
INSERT INTO `options` VALUES (763, 213, '');
INSERT INTO `options` VALUES (764, 213, '');
INSERT INTO `options` VALUES (765, 213, '');
INSERT INTO `options` VALUES (766, 214, '');
INSERT INTO `options` VALUES (767, 214, '');
INSERT INTO `options` VALUES (768, 214, '');
INSERT INTO `options` VALUES (769, 214, '');
INSERT INTO `options` VALUES (770, 215, '');
INSERT INTO `options` VALUES (771, 215, '');
INSERT INTO `options` VALUES (772, 215, '');
INSERT INTO `options` VALUES (773, 216, '');
INSERT INTO `options` VALUES (774, 216, '');
INSERT INTO `options` VALUES (775, 216, '');
INSERT INTO `options` VALUES (776, 216, '');
INSERT INTO `options` VALUES (777, 217, '');
INSERT INTO `options` VALUES (778, 217, '');
INSERT INTO `options` VALUES (779, 217, '');
INSERT INTO `options` VALUES (780, 217, '');
INSERT INTO `options` VALUES (781, 218, '');
INSERT INTO `options` VALUES (782, 218, '');
INSERT INTO `options` VALUES (783, 218, '');
INSERT INTO `options` VALUES (784, 218, '');
INSERT INTO `options` VALUES (785, 219, '');
INSERT INTO `options` VALUES (786, 219, '');
INSERT INTO `options` VALUES (787, 219, '');
INSERT INTO `options` VALUES (788, 219, '');
INSERT INTO `options` VALUES (789, 220, '');
INSERT INTO `options` VALUES (790, 220, '');
INSERT INTO `options` VALUES (791, 220, '');
INSERT INTO `options` VALUES (792, 220, '');
INSERT INTO `options` VALUES (793, 221, '');
INSERT INTO `options` VALUES (794, 221, '');
INSERT INTO `options` VALUES (795, 221, '');
INSERT INTO `options` VALUES (796, 221, '');
INSERT INTO `options` VALUES (797, 222, '');
INSERT INTO `options` VALUES (798, 222, '');
INSERT INTO `options` VALUES (799, 222, '');
INSERT INTO `options` VALUES (800, 222, '');
INSERT INTO `options` VALUES (801, 223, '');
INSERT INTO `options` VALUES (802, 223, '');
INSERT INTO `options` VALUES (803, 223, '');
INSERT INTO `options` VALUES (804, 223, '');
INSERT INTO `options` VALUES (805, 224, '');
INSERT INTO `options` VALUES (806, 224, '');
INSERT INTO `options` VALUES (807, 224, '');
INSERT INTO `options` VALUES (808, 224, '');
INSERT INTO `options` VALUES (809, 225, '');
INSERT INTO `options` VALUES (810, 225, '');
INSERT INTO `options` VALUES (811, 225, '');
INSERT INTO `options` VALUES (812, 225, '');

-- ----------------------------
-- Table structure for questions
-- ----------------------------
DROP TABLE IF EXISTS `questions`;
CREATE TABLE `questions`  (
  `question_id` int NOT NULL AUTO_INCREMENT,
  `content` varchar(500) CHARACTER SET utf8mb4 COLLATE utf8mb4_general_ci NULL DEFAULT NULL,
  `answer` int NULL DEFAULT NULL,
  PRIMARY KEY (`question_id`) USING BTREE
) ENGINE = InnoDB AUTO_INCREMENT = 226 CHARACTER SET = utf8mb4 COLLATE = utf8mb4_general_ci ROW_FORMAT = Dynamic;

-- ----------------------------
-- Records of questions
-- ----------------------------
INSERT INTO `questions` VALUES (1, ', ?(  )', 3);
INSERT INTO `questions` VALUES (2, ', ?(   )', 2);
INSERT INTO `questions` VALUES (3, ',?(   )', 2);
INSERT INTO `questions` VALUES (4, ', ?(   )', 3);
INSERT INTO `questions` VALUES (5, ', , 300, ?(   )', 2);
INSERT INTO `questions` VALUES (6, '??, ?(   )', 3);
INSERT INTO `questions` VALUES (7, ', ?(   )', 2);
INSERT INTO `questions` VALUES (8, ', ?(   )', 1);
INSERT INTO `questions` VALUES (9, ', ?(   )', 1);
INSERT INTO `questions` VALUES (10, ', ?(   )', 2);
INSERT INTO `questions` VALUES (11, ', ?(   )', 2);
INSERT INTO `questions` VALUES (12, ', ?(   )', 2);
INSERT INTO `questions` VALUES (13, '(  )?(   )', 3);
INSERT INTO `questions` VALUES (14, ', ?(   )', 3);
INSERT INTO `questions` VALUES (15, ', , ?(   )', 1);
INSERT INTO `questions` VALUES (16, ', ?(   )', 2);
INSERT INTO `questions` VALUES (17, '( )', 1);
INSERT INTO `questions` VALUES (18, '(  )', 4);
INSERT INTO `questions` VALUES (19, '( )', 3);
INSERT INTO `questions` VALUES (20, '( )', 1);
INSERT INTO `questions` VALUES (21, '(  )', 2);
INSERT INTO `questions` VALUES (22, '(  )', 3);
INSERT INTO `questions` VALUES (23, '(  )', 3);
INSERT INTO `questions` VALUES (24, '(  )', 2);
INSERT INTO `questions` VALUES (25, '(  )', 4);
INSERT INTO `questions` VALUES (26, '(  )', 1);
INSERT INTO `questions` VALUES (27, '(  )', 3);
INSERT INTO `questions` VALUES (28, '(  )', 4);
INSERT INTO `questions` VALUES (29, '(  )', 2);
INSERT INTO `questions` VALUES (30, '(  )', 1);
INSERT INTO `questions` VALUES (31, '(  )', 3);
INSERT INTO `questions` VALUES (32, '(  )', 4);
INSERT INTO `questions` VALUES (33, '(  )', 2);
INSERT INTO `questions` VALUES (34, ',(  )', 2);
INSERT INTO `questions` VALUES (35, '(  )', 1);
INSERT INTO `questions` VALUES (36, '(  )', 4);
INSERT INTO `questions` VALUES (37, '(  ) ', 3);
INSERT INTO `questions` VALUES (38, ' ( )', 4);
INSERT INTO `questions` VALUES (39, '(  )', 4);
INSERT INTO `questions` VALUES (40, '(  )', 3);
INSERT INTO `questions` VALUES (41, '(  )', 3);
INSERT INTO `questions` VALUES (42, '(  )', 4);
INSERT INTO `questions` VALUES (43, '(  )', 1);
INSERT INTO `questions` VALUES (44, '(  )', 4);
INSERT INTO `questions` VALUES (45, '(  )', 2);
INSERT INTO `questions` VALUES (46, '( )', 1);
INSERT INTO `questions` VALUES (47, '(  )', 4);
INSERT INTO `questions` VALUES (48, '(  )', 1);
INSERT INTO `questions` VALUES (49, '(  )', 2);
INSERT INTO `questions` VALUES (50, '( )', 1);
INSERT INTO `questions` VALUES (51, '( )', 2);
INSERT INTO `questions` VALUES (52, '( )', 4);
INSERT INTO `questions` VALUES (53, '(  )', 1);
INSERT INTO `questions` VALUES (54, '(  )', 2);
INSERT INTO `questions` VALUES (55, '(  )', 3);
INSERT INTO `questions` VALUES (56, '(  )', 3);
INSERT INTO `questions` VALUES (57, '(  )', 4);
INSERT INTO `questions` VALUES (58, '(  )', 2);
INSERT INTO `questions` VALUES (59, '( )', 3);
INSERT INTO `questions` VALUES (60, '(  )', 1);
INSERT INTO `questions` VALUES (61, '( )', 4);
INSERT INTO `questions` VALUES (62, '(  )', 2);
INSERT INTO `questions` VALUES (63, '(  )', 4);
INSERT INTO `questions` VALUES (64, '(  )', 1);
INSERT INTO `questions` VALUES (65, '(  )', 1);
INSERT INTO `questions` VALUES (66, '(  )', 4);
INSERT INTO `questions` VALUES (67, '(  )', 4);
INSERT INTO `questions` VALUES (68, '(  )', 1);
INSERT INTO `questions` VALUES (69, '( )', 3);
INSERT INTO `questions` VALUES (70, ' ( )', 1);
INSERT INTO `questions` VALUES (71, '(  )', 1);
INSERT INTO `questions` VALUES (72, '(  )', 3);
INSERT INTO `questions` VALUES (73, '(  )', 2);
INSERT INTO `questions` VALUES (74, '(  )', 3);
INSERT INTO `questions` VALUES (75, ',,300,( )', 2);
INSERT INTO `questions` VALUES (76, ' ( )', 1);
INSERT INTO `questions` VALUES (77, '( )', 1);
INSERT INTO `questions` VALUES (78, '(  )', 2);
INSERT INTO `questions` VALUES (79, '(  )', 4);
INSERT INTO `questions` VALUES (80, '(  )', 3);
INSERT INTO `questions` VALUES (81, '(  )', 4);
INSERT INTO `questions` VALUES (82, '(  )', 4);
INSERT INTO `questions` VALUES (83, '(  )', 2);
INSERT INTO `questions` VALUES (84, '(  )', 4);
INSERT INTO `questions` VALUES (85, '(  )', 3);
INSERT INTO `questions` VALUES (86, '(  ).', 3);
INSERT INTO `questions` VALUES (87, '(  )', 4);
INSERT INTO `questions` VALUES (88, '(  )', 2);
INSERT INTO `questions` VALUES (89, '(  )', 1);
INSERT INTO `questions` VALUES (90, '(   )', 3);
INSERT INTO `questions` VALUES (91, '(   )', 1);
INSERT INTO `questions` VALUES (92, '(  )', 3);
INSERT INTO `questions` VALUES (93, '(  )', 4);
INSERT INTO `questions` VALUES (94, '(  )', 2);
INSERT INTO `questions` VALUES (95, '(  )', 3);
INSERT INTO `questions` VALUES (96, '(  )', 4);
INSERT INTO `questions` VALUES (97, '(  )', 2);
INSERT INTO `questions` VALUES (98, ',(  )', 1);
INSERT INTO `questions` VALUES (99, '(  )', 1);
INSERT INTO `questions` VALUES (100, '(  )', 3);
INSERT INTO `questions` VALUES (101, '(  )', 2);
INSERT INTO `questions` VALUES (102, '(  )', 3);
INSERT INTO `questions` VALUES (103, '( )\n  \n  \n \n ', 1);
INSERT INTO `questions` VALUES (104, '( )\n  \n  \n \n ', 3);
INSERT INTO `questions` VALUES (105, '( )\n  \n \n ', 1);
INSERT INTO `questions` VALUES (106, '( )\n \n  \n \n ', 3);
INSERT INTO `questions` VALUES (107, '( ) \n  \n  \n  \n ', 3);
INSERT INTO `questions` VALUES (108, '( )\n  \n \n ', 1);
INSERT INTO `questions` VALUES (109, '( )', 3);
INSERT INTO `questions` VALUES (110, '( )', 4);
INSERT INTO `questions` VALUES (111, '( )', 3);
INSERT INTO `questions` VALUES (112, '( )\n  \n \n ', 1);
INSERT INTO `questions` VALUES (113, '( )\n  \n  \n \n ', 2);
INSERT INTO `questions` VALUES (114, '( )', 3);
INSERT INTO `questions` VALUES (115, '( )', 3);
INSERT INTO `questions` VALUES (116, '( )', 1);
INSERT INTO `questions` VALUES (117, '( )', 2);
INSERT INTO `questions` VALUES (118, '( )', 1);
INSERT INTO `questions` VALUES (119, '( )', 4);
INSERT INTO `questions` VALUES (120, '( )', 4);
INSERT INTO `questions` VALUES (121, '( )', 4);
INSERT INTO `questions` VALUES (122, '( )', 3);
INSERT INTO `questions` VALUES (123, '( )', 2);
INSERT INTO `questions` VALUES (124, '( )', 4);
INSERT INTO `questions` VALUES (125, '( )', 3);
INSERT INTO `questions` VALUES (126, '(    )', 2);
INSERT INTO `questions` VALUES (127, '(    )', 3);
INSERT INTO `questions` VALUES (128, '(    )', 1);
INSERT INTO `questions` VALUES (129, '(    )', 3);
INSERT INTO `questions` VALUES (130, '(    )', 1);
INSERT INTO `questions` VALUES (131, '(    )', 2);
INSERT INTO `questions` VALUES (132, '(    )', 1);
INSERT INTO `questions` VALUES (133, '   (    )', 2);
INSERT INTO `questions` VALUES (134, '   (    )', 3);
INSERT INTO `questions` VALUES (135, '(    )', 3);
INSERT INTO `questions` VALUES (136, '(    )', 1);
INSERT INTO `questions` VALUES (137, '(    )', 1);
INSERT INTO `questions` VALUES (138, '(    )', 2);
INSERT INTO `questions` VALUES (139, '(    )', 2);
INSERT INTO `questions` VALUES (140, '(    )', 1);
INSERT INTO `questions` VALUES (141, '(    )', 1);
INSERT INTO `questions` VALUES (142, '  (    )', 2);
INSERT INTO `questions` VALUES (143, '(    )', 2);
INSERT INTO `questions` VALUES (144, '(    )', 3);
INSERT INTO `questions` VALUES (145, '(    )', 2);
INSERT INTO `questions` VALUES (146, '(    )', 3);
INSERT INTO `questions` VALUES (147, '(    )', 3);
INSERT INTO `questions` VALUES (148, '(    )', 3);
INSERT INTO `questions` VALUES (149, '(    ) ', 1);
INSERT INTO `questions` VALUES (150, '(    )', 2);
INSERT INTO `questions` VALUES (151, '(    )', 1);
INSERT INTO `questions` VALUES (152, '(    )', 3);
INSERT INTO `questions` VALUES (153, '(    )', 2);
INSERT INTO `questions` VALUES (154, '(    )', 2);
INSERT INTO `questions` VALUES (155, '(    )', 3);
INSERT INTO `questions` VALUES (156, '(    )', 1);
INSERT INTO `questions` VALUES (157, '(    )', 1);
INSERT INTO `questions` VALUES (158, '(    )', 3);
INSERT INTO `questions` VALUES (159, '(   )', 1);
INSERT INTO `questions` VALUES (160, '(    )', 2);
INSERT INTO `questions` VALUES (161, '(    )', 2);
INSERT INTO `questions` VALUES (162, '(    )', 3);
INSERT INTO `questions` VALUES (163, '(    )', 1);
INSERT INTO `questions` VALUES (164, '  (    )', 2);
INSERT INTO `questions` VALUES (165, '(    )', 2);
INSERT INTO `questions` VALUES (166, '   (    )', 3);
INSERT INTO `questions` VALUES (167, '(    )', 1);
INSERT INTO `questions` VALUES (168, '(    )', 1);
INSERT INTO `questions` VALUES (169, '(    )', 3);
INSERT INTO `questions` VALUES (170, '(   )', 2);
INSERT INTO `questions` VALUES (171, '(    )', 3);
INSERT INTO `questions` VALUES (172, '(    )', 1);
INSERT INTO `questions` VALUES (173, '(    )', 2);
INSERT INTO `questions` VALUES (174, '(    )', 1);
INSERT INTO `questions` VALUES (175, '(    )', 3);
INSERT INTO `questions` VALUES (176, ' < >(    )', 1);
INSERT INTO `questions` VALUES (177, '(    )', 2);
INSERT INTO `questions` VALUES (178, '(  )', 3);
INSERT INTO `questions` VALUES (179, '(    )', 3);
INSERT INTO `questions` VALUES (180, '(    )', 2);
INSERT INTO `questions` VALUES (181, ' (    )', 1);
INSERT INTO `questions` VALUES (182, '(    )', 3);
INSERT INTO `questions` VALUES (183, '(    )', 2);
INSERT INTO `questions` VALUES (184, '(    )', 2);
INSERT INTO `questions` VALUES (185, '(    )', 3);
INSERT INTO `questions` VALUES (186, '(    )', 1);
INSERT INTO `questions` VALUES (187, '(    )', 3);
INSERT INTO `questions` VALUES (188, '(    )', 2);
INSERT INTO `questions` VALUES (189, '(    )', 2);
INSERT INTO `questions` VALUES (190, '(    )', 3);
INSERT INTO `questions` VALUES (191, '(    )', 1);
INSERT INTO `questions` VALUES (192, '(    )', 3);
INSERT INTO `questions` VALUES (193, '(    )', 2);
INSERT INTO `questions` VALUES (194, '(    )', 1);
INSERT INTO `questions` VALUES (195, '(    )', 2);
INSERT INTO `questions` VALUES (196, ' (       )', 2);
INSERT INTO `questions` VALUES (197, ' (       )', 3);
INSERT INTO `questions` VALUES (198, ' (       )', 3);
INSERT INTO `questions` VALUES (199, ' (       )', 4);
INSERT INTO `questions` VALUES (200, ' (       )', 4);
INSERT INTO `questions` VALUES (201, ' (       )', 2);
INSERT INTO `questions` VALUES (202, ' (       )', 1);
INSERT INTO `questions` VALUES (203, ' (       )', 3);
INSERT INTO `questions` VALUES (204, ' (       )', 4);
INSERT INTO `questions` VALUES (205, ' (       )', 4);
INSERT INTO `questions` VALUES (206, ' (       )', 3);
INSERT INTO `questions` VALUES (207, ' (       )', 1);
INSERT INTO `questions` VALUES (208, ' (       )', 3);
INSERT INTO `questions` VALUES (209, ' (       )', 2);
INSERT INTO `questions` VALUES (210, ' (       )', 1);
INSERT INTO `questions` VALUES (211, ' (       )', 3);
INSERT INTO `questions` VALUES (212, ' (       )', 3);
INSERT INTO `questions` VALUES (213, ' (       )', 2);
INSERT INTO `questions` VALUES (214, ' (       )', 3);
INSERT INTO `questions` VALUES (215, ' (       )', 3);
INSERT INTO `questions` VALUES (216, ' (       )', 2);
INSERT INTO `questions` VALUES (217, ' (       )', 1);
INSERT INTO `questions` VALUES (218, ' (       )', 4);
INSERT INTO `questions` VALUES (219, ' (       )', 3);
INSERT INTO `questions` VALUES (220, ' (       )', 3);
INSERT INTO `questions` VALUES (221, ' (       )', 4);
INSERT INTO `questions` VALUES (222, ' (       )', 2);
INSERT INTO `questions` VALUES (223, ' (    )', 2);
INSERT INTO `questions` VALUES (224, ' (       )', 3);
INSERT INTO `questions` VALUES (225, ' (       )', 3);

-- ----------------------------
-- Table structure for users
-- ----------------------------
DROP TABLE IF EXISTS `users`;
CREATE TABLE `users`  (
  `user_id` bigint NOT NULL AUTO_INCREMENT,
  `username` varchar(255) CHARACTER SET utf8mb4 COLLATE utf8mb4_general_ci NOT NULL,
  `password` varchar(255) CHARACTER SET utf8mb4 COLLATE utf8mb4_general_ci NOT NULL,
  `model` int NOT NULL,
  PRIMARY KEY (`user_id`) USING BTREE,
  UNIQUE INDEX `username`(`username` ASC) USING BTREE
) ENGINE = InnoDB AUTO_INCREMENT = 6 CHARACTER SET = utf8mb4 COLLATE = utf8mb4_general_ci ROW_FORMAT = Dynamic;

-- ----------------------------
-- Records of users
-- ----------------------------
INSERT INTO `users` VALUES (1, 'newuser', '$2a$10$x5xfqMXBn9v.6ukuIHG9vePxn76Mb.4ydtNDTFYBv.gn7KVBjfYOC', 1);
INSERT INTO `users` VALUES (3, 'Alice', '$2a$10$5YErnaf.56jWyt48FvETC.5vqeY3bfhkaVu1ybsRZG0vC2v9eyUOq', 1);
INSERT INTO `users` VALUES (4, 'Bob', '$2a$10$E17dP4PuvEjp.76P1gbE6e/uYcs3Af4SpAH/cGGX0sSxqISl00hOu', 1);
INSERT INTO `users` VALUES (5, 'zsq', '$2a$10$T4GJwkHugRGQO2R5KjTJ2O8AajgfHh6UoUxhpwPOS.SBr0XhWfeuq', 3);

SET FOREIGN_KEY_CHECKS = 1;
